customer,age,gender,zipcodeOri
1093826151,4,M,28007
352968107,2,M,28007
2054744914,4,F,28007
1760612790,3,M,28007
757503768,5,M,28007
1315400589,3,F,28007
765155274,1,F,28007
202531238,4,F,28007
105845174,3,M,28007
39858251,5,F,28007
98707741,4,F,28007
1551465414,1,M,28007
623601481,3,M,28007
1865204568,5,M,28007
490238464,3,M,28007
194016923,3,F,28007
1207205377,4,M,28007
834963773,5,F,28007
1897705669,2,M,28007
124539163,2,F,28007
1687101094,2,F,28007
1695454092,2,M,28007
986553990,5,F,28007
819690995,5,F,28007
1622124632,2,M,28007
187514477,3,M,28007
272748313,4,M,28007
490092965,2,M,28007
546957379,5,M,28007
1563705147,5,F,28007
1273110804,4,M,28007
1582366224,5,M,28007
998987490,2,F,28007
1413412440,2,F,28007
1166355595,4,F,28007
719598710,5,F,28007
1161949399,2,M,28007
60351691,2,F,28007
1769927077,2,F,28007
995844287,5,F,28007
1425441042,2,M,28007
337109624,2,F,28007
1635613216,4,F,28007
996804095,3,M,28007
1331907286,2,M,28007
506520283,4,F,28007
83613815,2,F,28007
1697528836,3,F,28007
168310052,2,M,28007
2096367617,2,M,28007
1870872671,2,F,28007
823286801,2,F,28007
1038996959,2,M,28007
345742557,5,F,28007
638163213,1,F,28007
1941625566,3,F,28007
1180570487,6,F,28007
51444479,3,M,28007
153419170,3,F,28007
574062699,2,M,28007
1087788850,4,M,28007
2126436338,1,F,28007
1820855004,2,F,28007
487569403,2,M,28007
923875417,5,F,28007
579037870,6,M,28007
662931726,2,F,28007
671524709,5,F,28007
476477241,4,M,28007
327430270,5,F,28007
1879341237,4,M,28007
1655037147,2,F,28007
864655240,2,F,28007
72353846,2,M,28007
1591908890,2,M,28007
1156346576,4,F,28007
1771717627,2,F,28007
156162339,2,F,28007
588719767,2,M,28007
118437987,2,M,28007
1130259702,3,M,28007
1738944491,2,M,28007
1950723662,2,F,28007
1987405562,5,F,28007
1988407051,5,M,28007
1698653726,2,M,28007
1952040134,3,F,28007
1769470125,2,F,28007
583110837,3,M,28007
1332295774,3,M,28007
603564532,1,M,28007
2072009750,2,F,28007
545248492,4,M,28007
1055224400,3,F,28007
1619755203,5,F,28007
1697851479,3,M,28007
1255236689,1,F,28007
603081336,3,F,28007
274486575,2,F,28007
1569939854,6,F,28007
648063518,3,M,28007
1488142454,2,F,28007
384665757,3,F,28007
131559770,6,F,28007
1547534233,2,F,28007
76969430,2,M,28007
896887653,3,M,28007
281893917,3,M,28007
120661238,6,M,28007
1617276678,3,M,28007
1499019507,2,M,28007
83086349,6,M,28007
2006367089,6,F,28007
870367228,4,M,28007
966335674,3,M,28007
694265356,3,F,28007
400803731,2,F,28007
477595630,4,M,28007
1721541488,2,M,28007
949023995,3,M,28007
439601438,5,F,28007
1482560016,5,M,28007
13098029,5,F,28007
672742304,4,M,28007
916497516,3,F,28007
1403689550,2,F,28007
869565327,5,F,28007
1085056650,1,F,28007
1035681921,1,M,28007
1476505660,1,F,28007
948004275,2,M,28007
650108285,4,F,28007
2041218422,3,M,28007
2081956948,2,M,28007
1305339250,4,M,28007
1459810780,2,F,28007
433481742,4,F,28007
288684762,3,M,28007
1817842389,5,M,28007
206074131,5,F,28007
1502804084,2,F,28007
2134043204,3,M,28007
662187574,2,M,28007
2039473569,2,M,28007
370861553,2,M,28007
1187730955,3,M,28007
426128777,3,F,28007
779868884,1,M,28007
2092526272,6,F,28007
1450354557,3,F,28007
1313060996,3,F,28007
1091966081,3,F,28007
564600361,2,M,28007
661876608,1,F,28007
1871594117,1,M,28007
759167881,2,F,28007
359668643,2,M,28007
1536083561,2,F,28007
2043927860,2,M,28007
1159406873,3,F,28007
1463833315,1,M,28007
1206604144,2,F,28007
673469784,3,F,28007
994739890,5,M,28007
409331076,4,M,28007
1229072215,3,M,28007
1070277785,4,F,28007
1324001180,2,M,28007
1424475955,3,M,28007
1423644375,2,M,28007
2042503226,2,F,28007
2038427935,3,F,28007
1549232957,3,M,28007
1314685160,1,M,28007
276142295,3,M,28007
2035341190,2,M,28007
1846578588,3,M,28007
2029028090,4,M,28007
1568358546,2,F,28007
1818841328,2,M,28007
142251484,6,M,28007
413843100,3,F,28007
1368210201,2,F,28007
747590731,3,F,28007
1032715879,3,F,28007
441989517,3,F,28007
1506293914,5,M,28007
1800696439,5,M,28007
1385780363,4,F,28007
947010068,4,F,28007
1939799337,4,F,28007
1842441894,3,M,28007
207576555,3,F,28007
334817037,3,M,28007
1436756684,2,F,28007
1419246450,3,M,28007
1025104996,5,M,28007
1325638360,5,M,28007
655150548,1,F,28007
75274383,4,M,28007
357634845,3,M,28007
1394428191,1,F,28007
602096181,1,F,28007
1815496848,2,M,28007
326482046,3,M,28007
524644424,4,M,28007
411345215,1,F,28007
447271561,3,M,28007
1808964355,1,F,28007
1730375460,2,F,28007
982406682,1,M,28007
665566426,3,F,28007
395508885,4,M,28007
369046885,4,M,28007
1445784416,4,M,28007
236999052,1,M,28007
1316262830,1,F,28007
1935421495,1,F,28007
1960866892,2,M,28007
677561666,1,F,28007
1916796804,4,F,28007
1956819896,2,M,28007
626836922,5,F,28007
526635102,2,M,28007
1778762788,2,F,28007
427983732,4,F,28007
2132111174,3,F,28007
991774315,3,F,28007
720418898,3,M,28007
956954767,3,F,28007
1711634686,3,F,28007
1711699171,2,M,28007
1937615372,4,F,28007
564451627,3,F,28007
897057254,2,F,28007
1196357413,3,F,28007
203427830,2,F,28007
1320820565,2,F,28007
1803181641,2,M,28007
1723897078,2,F,28007
170769685,4,M,28007
1710930627,2,F,28007
1468082478,4,F,28007
998690782,2,M,28007
2126019044,4,M,28007
296630818,3,M,28007
1050458046,6,M,28007
1275741147,3,F,28007
1264836741,2,F,28007
1807259356,3,F,28007
108794529,4,F,28007
495652708,2,M,28007
1437990673,2,F,28007
1959067413,4,M,28007
1514973352,2,F,28007
741680636,4,M,28007
1465698425,2,M,28007
1452020181,5,M,28007
1760986787,2,M,28007
1426006139,4,F,28007
179748485,2,M,28007
936853935,3,M,28007
1660043980,3,F,28007
1951890364,3,F,28007
386205251,2,F,28007
1935661715,2,M,28007
294914134,2,F,28007
1999090638,2,F,28007
1890250226,3,M,28007
1426420214,1,M,28007
1687751654,3,M,28007
1522289895,3,F,28007
873821675,4,M,28007
1637357651,3,M,28007
72452640,2,F,28007
800967034,3,F,28007
1223439629,4,M,28007
1915603015,4,F,28007
1896250849,1,M,28007
1680004438,2,F,28007
1276892406,4,M,28007
1439470393,2,F,28007
181787207,3,M,28007
2063978670,2,M,28007
766302474,4,F,28007
1913127981,4,F,28007
1732752834,3,M,28007
1095604325,1,F,28007
245019752,2,F,28007
954150626,6,F,28007
1658315324,4,M,28007
1060470494,2,F,28007
1053477622,2,M,28007
1571595392,2,M,28007
1633477199,2,M,28007
1990073844,4,M,28007
1004300450,4,M,28007
756645719,2,F,28007
1057285507,5,M,28007
2144562698,1,F,28007
1475486134,5,M,28007
1813956515,1,M,28007
1600642825,3,F,28007
1936855292,3,F,28007
1128349548,2,F,28007
956414645,2,F,28007
1807153148,4,F,28007
696052681,2,F,28007
173276320,2,F,28007
1161671147,2,F,28007
295362058,4,M,28007
822689044,2,M,28007
1353776547,6,M,28007
105013970,3,M,28007
777971561,2,F,28007
23049140,5,F,28007
1991820533,5,M,28007
1580025618,2,F,28007
713872230,2,M,28007
130295904,3,F,28007
1435043122,5,M,28007
1963617384,2,F,28007
5191822,1,F,28007
1350793893,1,M,28007
359698649,3,F,28007
241071592,2,M,28007
177123752,4,M,28007
1867965524,4,M,28007
417912401,3,F,28007
862785719,3,F,28007
1373973501,4,F,28007
161101673,2,M,28007
1714676783,3,M,28007
679458582,4,F,28007
656405809,1,M,28007
757950779,6,M,28007
278501873,2,F,28007
812882942,1,F,28007
1359606474,3,F,28007
456338836,5,F,28007
210563051,3,M,28007
1891401770,4,F,28007
450548035,3,M,28007
1378412230,2,F,28007
253956131,6,M,28007
131296547,2,M,28007
1082594377,2,F,28007
1076053396,4,M,28007
2127479268,5,F,28007
1535613790,3,M,28007
227186054,6,F,28007
1701338775,5,F,28007
74848504,3,F,28007
1902104464,6,F,28007
64700533,3,F,28007
1996249538,2,M,28007
2704357,4,F,28007
77017704,2,F,28007
1988025089,2,F,28007
1559091388,4,F,28007
1807567788,4,M,28007
1216409727,3,F,28007
1862556322,3,F,28007
251602943,2,F,28007
566582492,3,M,28007
1693925346,4,F,28007
286580355,6,M,28007
1214229415,4,F,28007
344259725,3,M,28007
1022530210,4,M,28007
1658591237,1,M,28007
324333692,4,F,28007
1266329800,4,F,28007
1952109278,1,M,28007
1457092141,2,F,28007
2038018161,2,M,28007
1390331883,2,F,28007
2131498052,5,M,28007
106333716,3,F,28007
1635987808,5,F,28007
2038979642,3,F,28007
1525483242,3,M,28007
1615196201,1,F,28007
1129111658,5,F,28007
529768403,6,F,28007
1360225709,5,F,28007
193924578,4,F,28007
344248234,2,M,28007
612357573,6,M,28007
823891015,2,F,28007
1452354279,3,M,28007
601235628,4,F,28007
1763371495,2,F,28007
381250974,2,F,28007
1459624061,4,F,28007
1457264318,3,F,28007
2057462116,1,M,28007
1296664552,3,M,28007
1939349733,2,M,28007
1784864427,5,M,28007
448612141,3,M,28007
1519265307,5,F,28007
734817849,2,M,28007
742784538,3,M,28007
1230747575,3,M,28007
752270622,1,F,28007
1920284556,2,F,28007
965952231,5,M,28007
837031785,3,F,28007
1667929755,3,F,28007
33469777,1,M,28007
1807765388,3,F,28007
1918953803,2,F,28007
1352750459,6,M,28007
1051712338,4,M,28007
399061526,2,F,28007
1108967401,1,M,28007
1782998558,3,F,28007
1089903335,3,M,28007
1591441443,6,M,28007
1080719046,3,M,28007
151715772,3,F,28007
1731135780,2,M,28007
1556912476,3,F,28007
108266856,3,F,28007
1656440641,2,M,28007
138375181,5,F,28007
1200227736,2,M,28007
171345183,3,F,28007
139784508,2,M,28007
1568308501,3,M,28007
951689990,3,F,28007
1944210063,3,M,28007
1657925669,3,F,28007
1160421902,3,M,28007
966214713,3,M,28007
57136184,6,F,28007
494777408,2,M,28007
1089848865,3,F,28007
19820082,5,F,28007
1643499361,4,M,28007
956700475,4,F,28007
914285365,4,M,28007
1341517098,4,F,28007
956898918,2,F,28007
563130428,3,M,28007
1017469037,2,M,28007
286547187,2,M,28007
1689083890,2,F,28007
966984015,4,M,28007
356873706,3,M,28007
1905402681,1,M,28007
715527139,1,M,28007
1154631581,5,M,28007
1913314890,3,F,28007
2110568911,2,F,28007
856318696,2,F,28007
566232847,3,M,28007
1756466427,4,M,28007
2026269026,3,M,28007
843090653,4,F,28007
475340225,2,M,28007
1102464953,4,F,28007
755000520,2,F,28007
385721880,2,M,28007
1969430351,3,M,28007
1817318774,2,F,28007
2075935351,,E,28007
862267590,4,M,28007
1799527037,2,M,28007
26045684,4,F,28007
1803364571,5,M,28007
2145933360,5,F,28007
126488680,4,M,28007
635222317,3,F,28007
1070471979,3,M,28007
1854104284,2,F,28007
2086664398,2,F,28007
1615671416,6,F,28007
1767072624,2,F,28007
856674856,2,F,28007
1688605578,3,M,28007
845102514,4,M,28007
1259760240,2,F,28007
723509264,4,F,28007
918296398,2,F,28007
1769401317,3,M,28007
1962407385,2,M,28007
841616397,2,M,28007
74457300,1,F,28007
364273844,3,F,28007
1475799889,3,F,28007
955592184,2,F,28007
1395098424,2,F,28007
1104044396,1,M,28007
1197304790,3,M,28007
532118459,3,F,28007
1419235351,4,M,28007
395508103,2,F,28007
927766810,3,F,28007
1081944543,4,F,28007
662396672,2,M,28007
1741615821,3,M,28007
1731249040,1,F,28007
743791359,3,F,28007
1975714155,5,F,28007
1067134113,4,F,28007
560376591,2,F,28007
399875163,2,M,28007
1872482068,4,M,28007
2084449024,4,F,28007
75208519,2,M,28007
1040980271,3,M,28007
1486017704,3,F,28007
671449181,3,F,28007
401828466,3,M,28007
484268062,3,F,28007
801383032,3,M,28007
69317479,3,F,28007
745099746,3,F,28007
1862384239,4,M,28007
125143024,5,M,28007
676229147,2,M,28007
1303935849,2,M,28007
861479162,3,F,28007
534961358,2,F,28007
582688427,5,M,28007
1532733169,3,M,28007
1299474405,4,F,28007
164104645,5,F,28007
1090528803,3,F,28007
1179217322,5,F,28007
1967337226,4,M,28007
737765767,2,F,28007
1750362802,5,M,28007
338406777,3,F,28007
2078039202,4,M,28007
1234264195,5,F,28007
1882101149,4,M,28007
2125787399,4,F,28007
1027777422,2,M,28007
723171448,4,M,28007
483009385,3,F,28007
175698222,2,F,28007
310751417,2,F,28007
1731138845,2,F,28007
488606576,2,F,28007
1627004719,5,F,28007
521087514,4,F,28007
1812702959,3,F,28007
1810630647,2,F,28007
96407618,4,F,28007
1965496749,3,F,28007
1450140987,4,F,28007
60026962,2,F,28007
476313806,5,F,28007
826715503,5,M,28007
58324694,3,F,28007
281474709,5,F,28007
869954068,3,F,28007
168191673,1,F,28007
1494829095,3,F,28007
1761368684,1,F,28007
183270065,0,F,28007
747353905,2,M,28007
1415998962,2,F,28007
1158738757,3,M,28007
1597289593,4,F,28007
1340235335,3,F,28007
90085212,1,M,28007
150273597,4,M,28007
1238755034,4,M,28007
245908628,3,M,28007
1740004679,3,F,28007
320437746,3,F,28007
1960297159,2,F,28007
1078619612,6,F,28007
1641760998,5,F,28007
616528518,4,F,28007
300052027,1,F,28007
881073190,2,F,28007
213197624,4,F,28007
1899748276,5,F,28007
1911281701,2,M,28007
192974759,1,F,28007
299858046,2,F,28007
885208928,1,,28007
2112563194,2,F,28007
1970738826,4,M,28007
735039923,3,F,28007
1449000407,2,M,28007
1681589600,2,F,28007
1598564853,2,M,28007
331622323,4,F,28007
1611113200,6,M,28007
2027052970,5,M,28007
1388933025,2,F,28007
1847111025,3,M,28007
1557448880,4,M,28007
651594350,3,M,28007
205797331,4,F,28007
817389751,5,F,28007
1005126300,4,F,28007
1466730207,4,F,28007
1685492470,2,F,28007
1275518867,5,F,28007
1314174420,2,M,28007
913863966,6,M,28007
1396904959,3,M,28007
119537158,4,F,28007
416536713,2,F,28007
1783610571,2,F,28007
47208933,4,F,28007
261398093,3,F,28007
607521473,2,M,28007
1734879586,1,F,28007
1886601622,3,M,28007
394469483,3,M,28007
1461774305,3,F,28007
1614239388,2,M,28007
1643168823,1,F,28007
225675370,4,M,28007
196806031,3,F,28007
393216567,5,F,28007
2115574807,5,F,28007
1632932485,1,M,28007
576453501,4,M,28007
612005121,3,F,28007
688041542,2,M,28007
1346358504,1,M,28007
1304285526,5,F,28007
1882920635,2,M,28007
46234453,3,F,28007
2037169176,1,F,28007
1293338142,4,F,28007
1783206868,5,F,28007
1542255731,2,F,28007
803065678,1,M,28007
1355010178,2,F,28007
1416816772,2,F,28007
78938440,3,M,28007
108940648,2,F,28007
545527660,1,F,28007
394979408,4,F,28007
707326919,2,M,28007
719205737,3,F,28007
746862122,3,M,28007
449262890,2,M,28007
800379810,2,F,28007
1342037956,5,F,28007
782199851,2,F,28007
1181615831,3,M,28007
1560259762,3,F,28007
895429374,2,F,28007
986156699,3,F,28007
354098761,2,F,28007
1926972512,3,F,28007
2005671734,2,F,28007
440111595,2,F,28007
1256908044,3,F,28007
326815335,1,F,28007
578700012,4,F,28007
11453786,3,M,28007
479535332,5,F,28007
874212917,2,F,28007
50049566,2,F,28007
1355273346,3,F,28007
1256073744,3,M,28007
885081673,3,M,28007
2126946323,2,F,28007
1882290962,2,F,28007
659009992,5,M,28007
1379018843,5,M,28007
320158645,2,M,28007
475831512,2,F,28007
1156885344,4,M,28007
432013067,1,M,28007
813128680,2,M,28007
693174391,3,F,28007
1524407626,1,M,28007
1072577677,3,F,28007
394488921,5,F,28007
24198147,5,M,28007
1899001756,2,M,28007
1541224095,2,F,28007
122290547,3,M,28007
56197730,2,M,28007
1940951230,2,F,28007
1983995504,2,F,28007
668289079,5,F,28007
1838948302,1,M,28007
47376492,3,M,28007
1382187685,1,F,28007
170484334,1,M,28007
296571542,2,F,28007
1728647108,2,M,28007
1624351292,2,M,28007
437189630,4,F,28007
1512444326,3,F,28007
1187702596,3,M,28007
490558731,5,M,28007
1011693897,1,F,28007
1383269171,1,F,28007
1560893361,3,M,28007
2129810887,4,F,28007
1282114843,2,F,28007
1837295173,2,M,28007
2095429384,2,F,28007
1777674460,2,F,28007
1468773146,3,M,28007
188084843,2,M,28007
1279143519,5,F,28007
1486961552,4,F,28007
1828345671,4,M,28007
1035666255,2,M,28007
383368009,4,F,28007
798889135,3,M,28007
1075692577,3,M,28007
2119675022,6,F,28007
1626218926,4,F,28007
1292770722,4,F,28007
1873506157,1,M,28007
717345438,3,M,28007
1532144144,1,M,28007
635603510,2,M,28007
1761432742,2,F,28007
1983734850,3,M,28007
563092648,6,F,28007
631654729,5,F,28007
186469824,4,F,28007
1642689499,2,F,28007
460218551,6,M,28007
1368438034,4,M,28007
747175090,5,F,28007
509362814,3,M,28007
437836513,2,M,28007
475928775,4,F,28007
1844076143,2,M,28007
1037161656,2,F,28007
292682242,3,M,28007
1143300850,1,F,28007
875900250,4,M,28007
461156176,5,F,28007
12284077,3,F,28007
1415571957,2,M,28007
1501782229,5,F,28007
700940580,1,F,28007
23569509,5,M,28007
572958608,2,M,28007
947315968,2,F,28007
480961011,3,M,28007
106397937,5,M,28007
1904416498,4,F,28007
1580955370,2,M,28007
848293063,5,F,28007
430579454,4,F,28007
507185945,2,F,28007
1642006830,3,F,28007
474894075,4,F,28007
297351696,1,M,28007
339931011,4,M,28007
1505467955,3,F,28007
1225704566,2,F,28007
419087520,2,M,28007
1878500339,2,F,28007
588937224,1,M,28007
30024621,2,F,28007
1067165398,5,M,28007
1594422820,4,F,28007
2023751717,2,M,28007
1436301390,2,F,28007
1499363341,5,M,28007
1482659693,2,M,28007
1646298550,2,F,28007
636259913,1,M,28007
471003383,3,F,28007
1433132752,3,M,28007
1646712119,2,F,28007
1307916597,1,F,28007
632176173,2,M,28007
1269635185,2,M,28007
1494778598,3,M,28007
44857022,4,F,28007
855942730,3,F,28007
582173326,4,F,28007
1812521679,4,M,28007
1697472909,3,F,28007
1167781928,6,M,28007
1885719603,3,F,28007
485578112,3,F,28007
2102316964,2,M,28007
1154612561,1,M,28007
1576250855,2,F,28007
910969605,1,F,28007
121713128,2,F,28007
599293124,4,F,28007
1930258744,4,M,28007
1402381285,4,F,28007
1681976106,1,M,28007
1045652139,6,M,28007
1127983201,6,F,28007
1734487337,4,F,28007
204205576,3,F,28007
1591152121,3,M,28007
1092512638,3,F,28007
228023479,4,F,28007
938915039,4,F,28007
1652856443,2,M,28007
371812005,2,M,28007
763005836,3,F,28007
846682077,3,M,28007
1314533733,2,M,28007
1340398290,4,M,28007
1812935919,5,M,28007
806943770,4,F,28007
166353588,2,F,28007
1987985724,2,M,28007
1058785965,2,F,28007
719449879,6,F,28007
582022575,3,M,28007
464042268,6,F,28007
1474786056,2,M,28007
987677028,3,M,28007
438957460,4,M,28007
1344489848,4,F,28007
390271010,3,F,28007
567897093,2,M,28007
1125832994,3,F,28007
935791733,3,,28007
261768480,4,F,28007
1625937550,2,F,28007
1869142879,5,F,28007
34111179,4,F,28007
229592862,4,F,28007
1377736719,5,M,28007
1476491893,3,F,28007
249473604,4,F,28007
1446511647,3,F,28007
2027892936,4,F,28007
1825851538,4,F,28007
1775611696,1,F,28007
719332132,2,F,28007
805483863,4,F,28007
334841918,2,M,28007
1126112663,4,M,28007
2087715408,3,F,28007
71763178,3,M,28007
1739998964,2,F,28007
734397713,2,M,28007
95715318,1,F,28007
467035555,2,F,28007
846609537,5,M,28007
2118328869,2,F,28007
1079254393,1,F,28007
1567385001,2,F,28007
1341662543,3,F,28007
1228157206,1,F,28007
696806398,2,F,28007
1962291095,2,M,28007
360019679,3,F,28007
480118707,2,M,28007
17166563,4,F,28007
1209363182,3,F,28007
942160317,2,M,28007
212188289,4,M,28007
1612748385,2,F,28007
248927068,2,F,28007
976209265,4,M,28007
1412753123,3,F,28007
1066456457,3,F,28007
297745197,4,F,28007
447509116,3,M,28007
47652503,5,F,28007
393339341,3,M,28007
885555910,5,F,28007
1607207670,2,F,28007
1562991705,5,F,28007
1135867657,6,M,28007
1546864044,1,M,28007
1193034305,4,F,28007
1368070837,2,F,28007
413242191,4,F,28007
2044183803,3,M,28007
827822455,3,M,28007
1201848792,2,F,28007
1690793519,2,F,28007
351144071,2,M,28007
1347371891,2,M,28007
1814131114,2,F,28007
1209651258,2,M,28007
961515074,3,M,28007
1005495267,1,M,28007
260437492,3,F,28007
1558014544,3,M,28007
1539370210,3,M,28007
2059136665,2,M,28007
709211172,4,F,28007
1299496226,5,F,28007
706757729,3,M,28007
1517749848,2,F,28007
1387070447,2,M,28007
1823983599,2,F,28007
1629765833,2,F,28007
1969942970,3,M,28007
718962269,3,F,28007
879614402,1,M,28007
290487175,5,M,28007
478715873,5,F,28007
1158233054,2,F,28007
53785803,3,M,28007
208514238,3,M,28007
1117294574,1,F,28007
790395954,6,F,28007
1502465707,4,F,28007
1018153896,3,F,28007
1059874896,2,M,28007
1552608695,6,F,28007
1309027409,3,M,28007
1977634536,4,F,28007
330615170,2,F,28007
1090046399,2,M,28007
1689884214,3,M,28007
1298891864,2,F,28007
915430510,2,F,28007
2046797625,2,M,28007
722399783,4,M,28007
1821582093,6,F,28007
566628469,2,F,28007
10745331,4,F,28007
1590346257,1,F,28007
100045114,4,M,28007
25346278,3,M,28007
2034859281,2,F,28007
1040272582,2,M,28007
1680323951,2,F,28007
1806072501,5,M,28007
626467543,4,F,28007
1897689911,3,M,28007
34676686,2,M,28007
2063574289,1,F,28007
927696302,3,F,28007
695108722,2,M,28007
517412999,5,M,28007
2049000934,5,M,28007
698318224,2,F,28007
1577104524,2,M,28007
1719535099,3,F,28007
1452053500,3,F,28007
951660772,3,M,28007
1303226190,1,F,28007
551080865,2,F,28007
1980302296,1,F,28007
26746445,5,M,28007
1830714840,4,F,28007
461669469,6,F,28007
1869757503,5,F,28007
300112558,1,F,28007
295271306,6,F,28007
691894544,2,F,28007
1638268213,3,M,28007
345640256,4,F,28007
775101977,3,M,28007
711859898,3,F,28007
118836015,1,F,28007
306854291,4,F,28007
597908249,3,F,28007
571254990,3,F,28007
1047521541,5,M,28007
76313164,3,F,28007
1227773968,1,M,28007
1745468920,2,F,28007
87462443,1,M,28007
249282739,4,M,28007
1434853621,1,F,28007
1213002113,1,F,28007
795132749,5,F,28007
236847402,3,M,28007
1508025585,5,F,28007
1646349423,2,M,28007
1355090926,3,F,28007
2040640036,1,F,28007
1420603517,3,M,28007
1957046981,5,F,28007
2112631749,2,F,28007
280778280,2,M,28007
2144163136,1,F,28007
1199767081,3,F,28007
778028540,2,F,28007
971838371,4,F,28007
2055186059,3,F,28007
1876476635,2,M,28007
1962137244,6,M,28007
109617474,2,F,28007
724380392,2,F,28007
451582208,5,F,28007
1877766749,2,M,28007
1375103798,3,F,28007
1788358708,2,F,28007
1674379117,3,F,28007
1204046804,5,F,28007
1801713151,4,F,28007
1354799046,3,M,28007
12662072,4,F,28007
858011639,3,M,28007
114388565,4,M,28007
381446674,5,F,28007
662948645,6,F,28007
924804429,3,M,28007
1922157108,2,F,28007
1701618194,2,F,28007
911364935,3,M,28007
1018388493,2,M,28007
637831009,3,F,28007
577335130,4,M,28007
1861439904,1,M,28007
834739424,3,F,28007
1392385769,3,M,28007
1210957250,3,F,28007
267593624,1,F,28007
85945497,4,F,28007
220904895,3,M,28007
1974668487,2,M,28007
750714109,3,F,28007
1815981756,4,F,28007
975044667,2,F,28007
2110532720,3,F,28007
2116616608,4,F,28007
240900578,1,M,28007
255101565,1,F,28007
861856179,1,M,28007
1743392358,4,M,28007
49915499,4,M,28007
744066701,2,F,28007
1763311989,2,M,28007
35785606,2,F,28007
1838681949,3,M,28007
769422228,2,F,28007
277720476,4,M,28007
200459252,1,M,28007
830078297,5,F,28007
731767226,6,M,28007
22920054,3,M,28007
1645276019,2,M,28007
1941160297,1,F,28007
786249459,4,M,28007
1155962240,2,F,28007
2051145244,5,M,28007
872043603,4,F,28007
155920620,2,M,28007
1612832553,1,F,28007
1126297464,2,F,28007
1101633489,1,F,28007
1634901253,1,F,28007
907665937,2,F,28007
539791425,4,F,28007
936786093,5,F,28007
1303555047,3,M,28007
1093060677,2,M,28007
2074563683,2,M,28007
962248715,3,F,28007
42779194,6,F,28007
78230690,2,F,28007
1073155388,2,M,28007
59912595,2,F,28007
1767929602,2,F,28007
1306889886,1,M,28007
96508773,4,F,28007
1189231170,3,M,28007
1634492186,3,M,28007
1187799344,3,M,28007
1267913176,2,M,28007
1921248691,0,F,28007
871505790,2,F,28007
1283534588,3,M,28007
396716441,5,F,28007
1814746822,1,M,28007
548427290,3,M,28007
1254064510,5,F,28007
958780730,4,M,28007
830856919,6,M,28007
1973547259,3,M,28007
2096265838,3,M,28007
928479694,5,M,28007
229665572,5,F,28007
1632035340,6,M,28007
868096672,1,M,28007
682298914,2,F,28007
718801730,2,M,28007
1121327223,2,F,28007
1740393527,2,F,28007
82010125,3,M,28007
99594781,2,F,28007
36546691,3,F,28007
1622415837,2,F,28007
772895850,3,M,28007
1638237205,3,M,28007
214836772,2,M,28007
1124449361,6,M,28007
1200336063,2,M,28007
1610467120,2,M,28007
445432762,4,F,28007
2030210340,2,M,28007
1127069069,2,F,28007
369805136,4,M,28007
978276840,2,F,28007
1768385310,2,F,28007
1564260047,3,F,28007
1968624098,2,F,28007
171498975,1,M,28007
775533998,2,F,28007
1402203755,3,M,28007
983636862,3,M,28007
351252839,3,F,28007
1038215695,4,M,28007
1764447156,3,F,28007
1056476734,2,M,28007
1490048317,6,F,28007
1413774656,2,F,28007
864725258,5,F,28007
530747890,4,F,28007
652253057,5,M,28007
1440310601,5,F,28007
1943367280,3,F,28007
1474976180,2,F,28007
2078460335,6,F,28007
1870926183,4,M,28007
1379814778,2,F,28007
1336232196,3,F,28007
1192874833,4,F,28007
1903765775,3,M,28007
446179646,5,F,28007
620551378,2,F,28007
1923945958,2,M,28007
478820701,3,M,28007
1781924994,1,M,28007
564473555,2,F,28007
1909782411,4,F,28007
707234445,2,M,28007
1342118588,3,F,28007
607479057,3,F,28007
585317135,3,M,28007
499760818,3,M,28007
1524019070,3,M,28007
268949400,4,M,28007
1881279773,4,F,28007
85676975,4,M,28007
742560751,2,F,28007
787259637,1,F,28007
1467832188,3,M,28007
1280960686,2,M,28007
169274898,3,F,28007
634714812,3,M,28007
1385406679,2,M,28007
1464030920,1,F,28007
572709519,4,F,28007
582479974,2,M,28007
1545484501,2,M,28007
182918114,5,F,28007
944634193,5,F,28007
1527362143,6,M,28007
69477057,3,M,28007
1110919755,1,F,28007
1645168081,3,F,28007
150820973,2,F,28007
555482626,3,F,28007
792341594,3,M,28007
88292631,4,M,28007
1600873622,4,F,28007
987955759,5,F,28007
332611573,2,F,28007
311783581,3,M,28007
83651461,2,F,28007
2053277267,1,M,28007
407368472,3,M,28007
1445931696,4,M,28007
404075543,4,M,28007
129386345,3,M,28007
647327489,2,M,28007
1692967183,3,F,28007
1885919902,3,F,28007
2027310658,4,F,28007
967677653,4,F,28007
373567366,4,F,28007
1598762673,3,M,28007
1830336096,4,M,28007
1236509536,4,F,28007
1039748502,2,F,28007
1719044180,2,M,28007
1864768620,2,F,28007
1802570035,4,F,28007
530444699,5,M,28007
423891632,5,M,28007
2132916640,5,M,28007
297347471,4,M,28007
735563623,3,F,28007
1763624260,6,F,28007
375144053,6,F,28007
1690998552,2,F,28007
606355103,4,F,28007
157427068,1,M,28007
531724764,4,F,28007
2120296918,4,F,28007
663226052,3,F,28007
1909173090,5,F,28007
30336615,2,M,28007
2021849962,4,F,28007
867847701,1,F,28007
514864285,2,F,28007
1122213892,2,M,28007
1918935856,4,M,28007
1272188168,5,F,28007
2028528769,5,M,28007
1554037473,4,F,28007
1289081546,4,F,28007
1968779147,5,M,28007
1582152156,5,M,28007
1674674654,5,M,28007
1913473991,2,M,28007
408690006,1,M,28007
2075157607,2,F,28007
510934446,1,F,28007
236106052,1,M,28007
1950237952,4,F,28007
1484573422,5,M,28007
446298173,4,F,28007
158030246,4,F,28007
1503504810,1,F,28007
1051682954,2,F,28007
970704037,2,M,28007
1426091756,1,F,28007
1698214137,5,F,28007
181111540,2,F,28007
969635352,2,F,28007
1506066038,5,M,28007
2111849765,2,M,28007
203802515,1,F,28007
1735726583,5,M,28007
814079066,1,F,28007
1034685704,2,F,28007
590614528,2,F,28007
781322360,3,M,28007
816519533,1,F,28007
825622087,2,F,28007
1883823119,4,M,28007
2084933658,1,F,28007
620542168,2,M,28007
1864289868,4,F,28007
1153943594,2,M,28007
1510459992,3,M,28007
460167545,5,F,28007
2062758473,2,F,28007
1914057832,2,F,28007
1819254965,6,M,28007
481108455,3,M,28007
1687903356,1,F,28007
1901383731,4,F,28007
1394454342,1,M,28007
1999699557,3,F,28007
980876590,2,F,28007
359363895,6,M,28007
1148364854,5,F,28007
927282395,4,F,28007
1525581466,1,F,28007
207380283,3,F,28007
487243829,3,M,28007
1591612680,2,M,28007
1014313887,5,F,28007
629808856,3,M,28007
598452144,3,M,28007
825969892,2,M,28007
367433559,2,M,28007
99017559,3,M,28007
597641228,2,M,28007
2134399963,2,M,28007
779872024,3,M,28007
171977183,4,M,28007
1780829982,1,M,28007
1273015960,2,M,28007
1903005844,2,F,28007
402758720,3,F,28007
1267365709,3,F,28007
1875710426,3,M,28007
351880818,1,M,28007
1191832390,2,M,28007
429242189,1,F,28007
1200798307,4,F,28007
65683893,3,F,28007
836424975,3,M,28007
186769596,2,F,28007
2016890783,5,F,28007
1225717157,5,M,28007
198230909,4,F,28007
231044523,1,M,28007
855082400,2,M,28007
474847450,2,M,28007
1264224372,4,M,28007
1542180842,4,F,28007
15276068,2,M,28007
433139335,0,F,28007
153258882,4,F,28007
712473227,1,F,28007
317314063,2,M,28007
905744010,2,F,28007
1233802034,3,F,28007
989137613,4,F,28007
1744581762,3,F,28007
1520545421,1,M,28007
1343106500,4,F,28007
1910153505,2,M,28007
77415586,3,M,28007
1236489588,2,F,28007
1207877529,3,M,28007
325775693,3,F,28007
783189419,0,F,28007
252172114,2,M,28007
1529464275,1,M,28007
1249352100,5,M,28007
458379262,5,F,28007
2120633706,1,F,28007
1051356798,2,F,28007
759915530,2,M,28007
259132706,6,F,28007
2092733799,2,F,28007
2132909556,2,M,28007
469059843,5,F,28007
1134994937,5,M,28007
1585648581,4,F,28007
1404684380,5,F,28007
1870640785,4,M,28007
891364505,3,F,28007
1729776721,4,M,28007
1141524074,3,M,28007
727658706,5,F,28007
919751066,2,F,28007
1273885837,5,F,28007
1904086644,5,F,28007
161733249,4,M,28007
1189752912,2,F,28007
1028143403,3,M,28007
168579211,3,F,28007
695481887,5,M,28007
1530157952,2,F,28007
196888452,4,M,28007
1165454845,2,M,28007
1141481813,5,M,28007
2136232396,6,F,28007
525158878,2,F,28007
1971153898,3,M,28007
270217031,3,F,28007
377517197,3,F,28007
1955375790,3,M,28007
480951921,5,M,28007
180936571,2,M,28007
1214780453,6,F,28007
1562537029,5,F,28007
116665031,2,F,28007
1734287915,2,F,28007
528877098,6,F,28007
1284515419,6,F,28007
831378949,2,M,28007
158319863,5,F,28007
1809615650,4,M,28007
581581060,3,F,28007
1489836575,2,F,28007
2082605784,3,M,28007
1629152705,6,M,28007
1640022626,6,M,28007
1814870538,3,M,28007
966602067,4,M,28007
1874220848,2,M,28007
1224222502,1,M,28007
1039035065,5,F,28007
165037464,1,F,28007
236932311,2,F,28007
1965708710,1,M,28007
959023117,3,M,28007
680687990,4,F,28007
1846201961,3,M,28007
39607150,4,F,28007
1691073795,2,F,28007
1376050027,2,F,28007
1166683343,2,F,28007
1942983218,4,F,28007
268686998,3,M,28007
1421006824,2,F,28007
67418210,3,M,28007
1065812935,6,F,28007
689850593,3,M,28007
851731350,4,M,28007
483485800,4,F,28007
1953142190,2,M,28007
76780537,6,F,28007
870503362,2,F,28007
1236503001,2,F,28007
1175419672,2,M,28007
1129461636,1,M,28007
189823798,5,M,28007
2064491438,5,F,28007
814878326,3,F,28007
669906110,3,F,28007
1457388461,2,F,28007
208889378,4,M,28007
285984841,3,M,28007
311188483,5,M,28007
282483842,4,F,28007
486343841,3,M,28007
1650590141,3,F,28007
1657707912,1,M,28007
366069783,4,F,28007
1038722314,4,M,28007
278676105,3,F,28007
2079453894,3,F,28007
1349106433,4,M,28007
1597422235,3,F,28007
1708732499,2,M,28007
470079617,5,F,28007
235397460,2,M,28007
1743327214,2,M,28007
1731163929,2,F,28007
1263107170,2,F,28007
983659750,2,M,28007
1513653440,4,M,28007
880625364,2,M,28007
1155259690,2,F,28007
2031167542,2,M,28007
1341583263,2,M,28007
75278863,1,F,28007
444370508,5,F,28007
41461366,3,F,28007
1177396126,2,M,28007
1895811684,4,F,28007
2035771335,2,F,28007
365152877,2,F,28007
149698808,2,F,28007
1063753312,3,F,28007
220694569,3,M,28007
1087943403,3,M,28007
1495681901,1,F,28007
1151051721,3,M,28007
1150646122,3,M,28007
1415453492,2,F,28007
658256470,3,F,28007
823678601,2,F,28007
1750373007,3,F,28007
985732014,2,F,28007
1480799932,6,M,28007
771207119,4,M,28007
1182534509,2,F,28007
1663056729,3,F,28007
2128589842,3,F,28007
1801015376,2,M,28007
2134625729,2,F,28007
107125195,1,M,28007
204633978,2,F,28007
815064001,3,M,28007
251630036,4,F,28007
1100276718,1,F,28007
913841043,3,F,28007
848308923,3,M,28007
1040303644,2,M,28007
1431806998,4,F,28007
1771537982,2,M,28007
1767103563,3,F,28007
2016997607,2,M,28007
371396143,2,F,28007
1067734462,3,F,28007
131682780,2,F,28007
2055009466,4,M,28007
1682236855,2,M,28007
2036557936,2,M,28007
2060968828,3,F,28007
585299069,3,F,28007
333991833,2,M,28007
1589138432,4,M,28007
1274818444,5,F,28007
1708403061,1,F,28007
336519851,3,F,28007
37682628,1,M,28007
1548142512,4,F,28007
626305923,3,M,28007
7197142,2,M,28007
1828416123,4,F,28007
914000857,,E,28007
1677202028,3,F,28007
1471216995,3,F,28007
1238185596,5,M,28007
1906860092,3,F,28007
857032107,3,M,28007
2117552812,1,F,28007
524035200,2,M,28007
1407767965,3,F,28007
1862169273,5,F,28007
1279668658,2,M,28007
949116847,3,M,28007
1014347664,6,M,28007
123366357,4,M,28007
347453747,5,F,28007
1884342559,2,F,28007
1309194397,4,F,28007
1123627503,0,F,28007
1350068848,4,M,28007
697242067,5,M,28007
481773197,4,F,28007
1421601814,2,F,28007
1397554341,3,M,28007
949319027,2,M,28007
859628493,3,F,28007
1641076533,2,F,28007
454239699,3,F,28007
813347783,1,F,28007
941334726,3,F,28007
1969886762,4,M,28007
1297358265,3,M,28007
1141582476,2,F,28007
1857140958,4,M,28007
707845856,2,F,28007
32640811,3,M,28007
1078596280,6,F,28007
1934785516,2,F,28007
629942205,2,M,28007
1789457872,2,F,28007
993553940,2,M,28007
798268011,3,F,28007
861002792,3,F,28007
824784700,3,F,28007
371570992,6,M,28007
1142956269,4,M,28007
956794113,3,F,28007
1954474578,2,M,28007
1019071188,4,M,28007
152830802,2,F,28007
289617636,2,M,28007
1815278899,5,M,28007
1364381627,3,M,28007
1694165271,2,M,28007
1196149230,3,F,28007
802146030,2,M,28007
154191546,2,M,28007
92282564,3,F,28007
76052944,3,M,28007
744859144,2,M,28007
1258953485,4,F,28007
466569235,4,M,28007
1048588440,6,M,28007
2081591507,3,F,28007
1483007108,1,F,28007
876944738,2,F,28007
155412783,5,F,28007
190128751,2,F,28007
620327304,4,F,28007
1940215857,5,M,28007
1769359992,3,F,28007
752356138,2,F,28007
1647801193,4,M,28007
1278181986,2,F,28007
914488986,4,M,28007
907777350,1,F,28007
1530098029,3,F,28007
506565122,5,F,28007
285545076,2,F,28007
1374783350,4,F,28007
1204740969,3,M,28007
1088464518,2,F,28007
1687722078,2,M,28007
172921013,5,M,28007
1240560903,4,M,28007
1872660217,4,F,28007
1030484150,2,F,28007
1402369177,2,F,28007
1556425826,3,M,28007
1690988973,1,F,28007
1367987964,3,F,28007
1163388474,2,F,28007
16791543,4,M,28007
2058916086,2,F,28007
1760492708,1,F,28007
33256704,4,F,28007
1753498738,3,F,28007
531360588,1,F,28007
262404738,1,F,28007
643323409,2,M,28007
698358493,4,M,28007
899204870,3,M,28007
1717543260,3,M,28007
47462628,2,F,28007
1700873233,3,F,28007
1035222482,1,F,28007
39112485,6,F,28007
457497998,4,M,28007
911139709,3,F,28007
1356412685,5,M,28007
1375316332,1,F,28007
103240070,2,F,28007
1282628311,2,F,28007
975211427,2,M,28007
1885091211,3,F,28007
469767739,2,M,28007
1982656265,3,M,28007
1375956198,3,F,28007
1607867760,4,F,28007
575345520,2,F,28007
1787537369,2,M,28007
1732307957,5,F,28007
842799656,1,F,28007
2101882723,1,F,28007
1799882713,1,F,28007
1663641926,6,F,28007
1255149927,2,M,28007
1666444221,3,M,28007
497088099,2,M,28007
272471718,3,M,28007
1160118068,2,M,28007
1587738251,3,F,28007
1085689043,2,M,28007
190398591,6,M,28007
1510535804,3,F,28007
34948851,3,F,28007
548185127,2,F,28007
550190826,3,F,28007
2085650948,2,F,28007
616472041,2,M,28007
791154308,0,F,28007
294759668,3,M,28007
574289698,3,M,28007
2002750382,1,F,28007
16613795,2,F,28007
318717540,4,M,28007
1189367947,2,M,28007
256310721,2,F,28007
290140685,3,F,28007
1439880421,4,F,28007
1100510913,2,M,28007
362857866,3,F,28007
1754543106,2,M,28007
1626806996,4,M,28007
1511497789,1,F,28007
341886098,5,M,28007
2075699398,3,F,28007
1683902488,3,F,28007
377075708,2,M,28007
1512732275,3,F,28007
6094907,5,M,28007
2120153320,2,F,28007
1029994689,3,M,28007
1670883164,6,F,28007
923919564,3,F,28007
943088790,2,F,28007
2121874810,4,F,28007
749077907,4,M,28007
476466255,2,M,28007
343535530,3,F,28007
2103685620,3,F,28007
1734585073,5,F,28007
1908894965,1,M,28007
73919470,3,F,28007
944695695,2,F,28007
1415704373,3,F,28007
1808704110,3,F,28007
411880353,2,F,28007
5079947,3,F,28007
810569063,2,F,28007
1087747329,2,M,28007
81568098,2,F,28007
1332125345,2,F,28007
1129737137,6,M,28007
1059534096,3,M,28007
274026379,0,F,28007
503124737,6,M,28007
1977646698,3,F,28007
323912860,2,F,28007
471166875,1,M,28007
725307945,2,M,28007
206142588,4,F,28007
750572020,5,M,28007
2016264883,1,M,28007
1209838312,2,M,28007
894687005,5,M,28007
2062869828,2,M,28007
1992960127,3,F,28007
2141677873,1,M,28007
102364766,2,F,28007
1232523772,1,M,28007
286236136,3,M,28007
210584188,4,M,28007
1628447668,3,M,28007
1450562088,4,F,28007
1537824739,4,M,28007
2138823885,4,M,28007
1258211852,1,M,28007
386332652,2,M,28007
1819751403,1,F,28007
2070935783,1,F,28007
1603928569,3,F,28007
909525375,2,M,28007
1857263556,1,F,28007
920335350,2,F,28007
350553475,1,M,28007
748358246,2,M,28007
2005372528,6,M,28007
16680464,2,M,28007
193297871,4,F,28007
132392875,4,M,28007
1489294793,2,F,28007
481253497,3,F,28007
197798791,2,M,28007
1211514218,3,M,28007
1303695653,2,M,28007
1966502638,3,F,28007
686669439,3,F,28007
1657987748,2,F,28007
344209010,5,F,28007
334073161,3,F,28007
653835530,2,M,28007
1557689947,1,F,28007
788955662,6,F,28007
1175684338,2,M,28007
1763342131,2,F,28007
609452246,3,F,28007
573104116,4,M,28007
1613579866,5,M,28007
1621267054,2,F,28007
901025251,2,M,28007
638223659,4,M,28007
2008562542,2,M,28007
1528848756,2,M,28007
537330939,3,M,28007
1862240946,3,M,28007
1245363669,5,F,28007
369405043,4,M,28007
27152267,5,F,28007
1437099450,1,F,28007
1480193980,4,F,28007
868933598,1,M,28007
851871528,1,F,28007
1615801620,1,M,28007
1362652272,4,F,28007
474891377,4,M,28007
1918064652,2,M,28007
146494822,4,F,28007
911078435,2,F,28007
1575842015,5,M,28007
1146143839,3,F,28007
607532274,5,F,28007
1517707344,2,M,28007
28023491,4,F,28007
114981535,3,F,28007
1415168453,3,F,28007
1929968596,2,F,28007
1893177739,3,M,28007
1686676187,1,F,28007
1852091130,3,F,28007
1903856065,1,M,28007
1940107136,2,F,28007
1435256152,3,F,28007
115603187,4,M,28007
755108533,4,F,28007
249907687,6,F,28007
1161927918,2,F,28007
1956971543,1,F,28007
519449235,2,F,28007
1387946894,6,M,28007
500992269,2,M,28007
1372889664,5,F,28007
2017140130,4,M,28007
1091680547,4,M,28007
222098023,3,M,28007
1777432937,3,F,28007
107438779,4,M,28007
1735920391,4,F,28007
1944646841,1,F,28007
1114643543,6,M,28007
1093842718,2,M,28007
1400397779,3,M,28007
1744098311,4,F,28007
2082187659,2,M,28007
1529207541,2,F,28007
797980818,3,M,28007
309334921,2,F,28007
328208842,3,F,28007
179196508,3,F,28007
1484585237,5,M,28007
2001183195,2,M,28007
1490416909,2,F,28007
1117403153,5,F,28007
732095806,3,M,28007
1092769857,5,F,28007
1586463432,6,M,28007
413065793,2,F,28007
318417129,2,M,28007
1337923906,3,F,28007
1100053869,2,M,28007
1950870438,1,F,28007
1031698099,0,M,28007
1054818236,3,M,28007
1037622786,3,F,28007
1007790716,2,M,28007
1575099263,2,M,28007
1076110991,2,M,28007
1648096390,5,M,28007
492776916,2,M,28007
805469502,3,M,28007
2048375146,5,F,28007
1189224644,2,M,28007
2043823425,4,F,28007
1082732879,2,F,28007
352261908,6,M,28007
728864298,5,M,28007
1209743372,4,F,28007
2013871968,4,F,28007
1095821033,4,F,28007
91915601,4,M,28007
2011457912,4,F,28007
1467497219,6,F,28007
1039390058,4,M,28007
407219337,3,M,28007
791033780,6,F,28007
678683295,2,F,28007
145230032,2,F,28007
1095087737,3,F,28007
1529774854,2,F,28007
1350082938,3,M,28007
1489078579,1,M,28007
1369559766,3,M,28007
793890087,2,F,28007
232299558,3,F,28007
1361037703,2,M,28007
967109509,5,M,28007
1533572842,4,F,28007
26438018,4,M,28007
1174105749,5,M,28007
1297100897,4,M,28007
521436442,3,F,28007
1881708420,3,F,28007
1504341710,2,F,28007
1212956427,2,F,28007
824676284,2,,28007
671392477,4,F,28007
901400531,2,F,28007
1761085759,3,F,28007
276623362,4,M,28007
612045723,5,F,28007
808326652,,E,28007
267284908,4,F,28007
1080813886,4,M,28007
62153477,3,M,28007
125481968,1,M,28007
1293579037,2,F,28007
1200311106,3,F,28007
656075868,1,F,28007
1365609574,4,M,28007
1553941793,1,F,28007
1703739582,4,F,28007
1499092508,5,M,28007
1148771999,4,M,28007
605522883,2,M,28007
1404589205,2,M,28007
1897313368,5,F,28007
304677660,4,F,28007
1273564839,5,F,28007
1750835738,5,F,28007
1855693993,4,F,28007
1793707767,4,F,28007
1536088502,1,M,28007
1927223566,6,M,28007
265405940,2,F,28007
56690195,2,M,28007
380412694,1,M,28007
673048498,2,M,28007
660024200,2,F,28007
2108669396,5,M,28007
1428252955,1,F,28007
1704116821,5,M,28007
1517820871,3,F,28007
1983511229,3,M,28007
764048448,3,M,28007
1118932469,4,F,28007
34104097,1,F,28007
1809104609,1,F,28007
255691679,2,F,28007
1348957967,2,M,28007
1087227796,2,M,28007
404536294,3,F,28007
1465725042,6,F,28007
1569014356,2,M,28007
1921196241,3,M,28007
1516006997,2,M,28007
1158646143,3,M,28007
1834864466,2,M,28007
1740186506,3,M,28007
83204562,2,F,28007
759940472,2,M,28007
1702404555,3,M,28007
1261640227,3,M,28007
23582994,2,F,28007
1783773775,2,M,28007
926583171,2,F,28007
1082608644,4,F,28007
1700159150,4,F,28007
2125297333,2,F,28007
1136643517,5,M,28007
1735092211,3,F,28007
911735174,3,M,28007
1497895052,2,M,28007
1804573810,2,F,28007
506003529,5,F,28007
58432631,2,F,28007
1388726904,3,F,28007
581878341,4,M,28007
825744832,2,M,28007
1953872129,2,M,28007
1370192017,6,F,28007
1703648667,2,F,28007
1358079072,2,M,28007
1922022324,2,F,28007
1038733568,2,M,28007
980181294,4,F,28007
1739741081,4,F,28007
1709958311,6,M,28007
102010508,2,F,28007
1135495199,2,M,28007
639558755,3,M,28007
339181872,4,F,28007
950325755,2,F,28007
436675850,4,M,28007
1214582637,2,F,28007
1853381059,4,M,28007
133432771,2,F,28007
1718974481,4,M,28007
1565058518,3,M,28007
2060778761,5,F,28007
592679392,5,M,28007
875898611,3,F,28007
420348872,3,M,28007
987620594,5,F,28007
299357678,3,F,28007
840928568,1,M,28007
418638324,5,F,28007
140234280,2,F,28007
2136169439,5,M,28007
20274793,3,F,28007
1152356495,3,F,28007
701909142,3,F,28007
1145304322,3,F,28007
17132509,5,F,28007
1928450094,2,M,28007
1711218892,2,M,28007
2070997908,3,F,28007
1389311354,5,M,28007
2094478222,4,F,28007
287533643,3,M,28007
194859196,2,F,28007
1526175877,1,F,28007
1659350842,2,F,28007
1191796691,4,F,28007
1376617526,3,F,28007
521129957,5,M,28007
1584366693,5,F,28007
1424007721,4,F,28007
15777324,2,F,28007
1933962406,2,F,28007
1287167517,2,F,28007
232369406,5,F,28007
466769207,2,F,28007
1512353179,3,F,28007
2145448250,5,F,28007
1981089677,4,M,28007
388262831,2,F,28007
1489632788,3,F,28007
528277773,0,F,28007
1560676680,2,F,28007
1171622243,5,M,28007
54876469,4,M,28007
1128965136,2,F,28007
903741897,2,F,28007
545840720,2,F,28007
10263180,3,F,28007
1226947303,2,F,28007
1719485237,4,M,28007
798657650,3,M,28007
159913055,3,F,28007
1904362781,3,F,28007
869394149,1,F,28007
1294166760,3,M,28007
1133451243,5,M,28007
170002529,2,F,28007
1169771418,3,M,28007
990997956,2,F,28007
332229910,4,F,28007
518028573,2,M,28007
566987196,1,M,28007
803365419,1,F,28007
1729635847,5,F,28007
1376957295,2,M,28007
842993265,2,F,28007
86186949,2,F,28007
1262879702,1,M,28007
137986193,4,F,28007
672794326,3,F,28007
450845582,2,F,28007
228882909,2,M,28007
922544599,3,F,28007
301422123,3,M,28007
2080088206,5,F,28007
24691837,2,F,28007
525850964,2,F,28007
1299368401,4,M,28007
1014124305,1,M,28007
808977147,2,M,28007
1936493073,3,F,28007
2014438912,1,F,28007
682529129,3,F,28007
1509718305,1,M,28007
526384621,3,M,28007
131915922,2,F,28007
1081618305,6,F,28007
962830776,2,M,28007
2137070408,5,M,28007
366601563,1,F,28007
359628860,4,F,28007
1295444668,2,M,28007
1530262146,2,M,28007
723217997,4,F,28007
1021409246,2,M,28007
26716153,1,F,28007
2054233026,3,F,28007
1971497679,4,M,28007
2090486181,4,M,28007
2089485741,3,M,28007
594146637,2,M,28007
1000699316,4,M,28007
1319350044,3,M,28007
1821035128,4,M,28007
196786098,3,M,28007
188991095,4,F,28007
1373640509,2,M,28007
2015203999,4,F,28007
472989518,3,M,28007
766494418,2,M,28007
574852748,4,F,28007
947156375,6,M,28007
602544155,4,M,28007
598089944,2,M,28007
1101213728,2,M,28007
398651508,4,F,28007
1645579872,5,F,28007
899813705,4,M,28007
712367267,5,F,28007
1538635916,2,F,28007
191366309,2,F,28007
298317613,6,F,28007
1333661820,2,M,28007
1648082819,3,M,28007
260840933,2,M,28007
450584964,2,F,28007
1776310825,4,M,28007
17059521,2,M,28007
1178005728,3,F,28007
272752096,3,F,28007
459123820,2,M,28007
1602614455,5,M,28007
858160484,0,M,28007
1239061472,2,M,28007
1083859927,1,F,28007
318818410,2,M,28007
233548839,2,F,28007
432449092,5,M,28007
1491844959,1,F,28007
1018783569,2,M,28007
1214828746,2,F,28007
969284083,3,F,28007
1156188729,2,F,28007
2113973089,2,F,28007
605904636,5,F,28007
760223382,3,F,28007
1257820473,3,M,28007
1374607221,,E,28007
1973203074,4,F,28007
442137737,5,M,28007
1945520078,3,F,28007
1669649966,3,F,28007
2091583256,2,F,28007
1612798177,3,F,28007
1853277977,4,M,28007
839839520,2,F,28007
825739161,3,F,28007
1801270098,3,M,28007
1469453217,1,F,28007
269960003,1,M,28007
1123042802,5,M,28007
1201696181,4,F,28007
608547225,2,F,28007
2088008854,6,M,28007
785603838,5,M,28007
1580753738,5,M,28007
1781953799,5,M,28007
1838285576,3,M,28007
1312448128,4,F,28007
1038879380,2,F,28007
1733778992,2,F,28007
1431362064,1,F,28007
380911997,2,F,28007
255292461,5,F,28007
1338396147,1,F,28007
495124555,3,F,28007
1977058282,2,F,28007
378899672,1,F,28007
775739646,2,M,28007
1255221015,3,F,28007
1222389110,3,M,28007
1893753407,2,F,28007
1960353164,2,F,28007
449179311,2,M,28007
346693029,4,F,28007
970603000,5,M,28007
403631555,4,M,28007
503433561,4,M,28007
1476138873,5,F,28007
1269217373,2,F,28007
728039227,6,M,28007
2091703695,4,F,28007
856303631,4,M,28007
892377311,2,M,28007
886993530,3,M,28007
686064678,2,F,28007
391642320,3,F,28007
1806256044,3,M,28007
1355509614,4,M,28007
1546820736,2,M,28007
1022153336,5,F,28007
1952969809,4,F,28007
587016440,5,M,28007
1186953291,4,M,28007
1980965530,4,M,28007
423379854,2,M,28007
1816813783,5,F,28007
404247926,5,F,28007
99729647,3,M,28007
809708190,1,F,28007
1791793827,4,M,28007
639532055,4,F,28007
188367998,3,F,28007
804094956,4,M,28007
1107442215,2,F,28007
1739071229,4,F,28007
1581709798,2,M,28007
874725016,2,F,28007
353502635,2,F,28007
1035581047,5,M,28007
1783127345,4,M,28007
413455659,2,F,28007
98091448,2,F,28007
1105086283,1,F,28007
250546729,4,M,28007
1047374909,6,F,28007
383264569,1,F,28007
174977934,2,F,28007
932908444,1,F,28007
764092576,4,F,28007
939735585,3,F,28007
1676378077,2,F,28007
2074365962,4,M,28007
1718318682,1,F,28007
914243510,4,M,28007
207575907,6,M,28007
2000956624,4,M,28007
117577408,6,M,28007
1267444276,3,F,28007
2140000055,3,M,28007
332727422,5,M,28007
364635096,2,F,28007
1620127338,2,M,28007
543938207,2,M,28007
554819698,3,M,28007
703418892,2,F,28007
185820405,3,M,28007
1561307190,3,F,28007
1433318702,5,M,28007
1058652489,4,M,28007
1032319289,3,F,28007
1366869967,5,M,28007
546000387,6,M,28007
729168812,3,F,28007
1196915447,2,M,28007
1934886086,5,M,28007
653252303,1,F,28007
100992504,2,F,28007
1139909458,3,F,28007
1496334304,2,F,28007
1002759277,1,F,28007
1648683269,3,M,28007
1169655012,2,F,28007
1648056680,2,F,28007
179390259,4,F,28007
2014169866,4,F,28007
2140473917,3,F,28007
148765233,0,F,28007
885283469,1,F,28007
759264122,1,M,28007
800272493,2,F,28007
784005201,4,M,28007
1963249369,4,F,28007
309780280,1,F,28007
2136553361,2,F,28007
893284971,4,M,28007
984099618,3,M,28007
771874671,5,M,28007
576436654,6,F,28007
744245203,2,M,28007
1566647188,1,F,28007
989137021,2,F,28007
1698085181,2,M,28007
606861698,1,F,28007
1535009453,4,F,28007
707755349,4,M,28007
647089636,5,F,28007
1422393615,2,M,28007
2104923127,2,F,28007
1072166767,3,F,28007
43130617,2,M,28007
657290155,3,M,28007
859276623,4,F,28007
2068909690,2,F,28007
126603077,1,F,28007
333484923,4,M,28007
1890466358,3,F,28007
1090604904,2,M,28007
1414112698,1,M,28007
1225533078,2,F,28007
1963238862,2,F,28007
658175205,3,F,28007
524663308,2,F,28007
1248053373,2,M,28007
763253161,3,F,28007
1902837467,4,M,28007
2076439645,2,F,28007
420340345,3,M,28007
1825950751,4,F,28007
1692355722,2,M,28007
1965017830,5,M,28007
261466841,6,M,28007
1049562739,3,M,28007
1713848243,2,F,28007
1432825682,3,M,28007
1780824451,5,M,28007
1651395634,5,M,28007
2030175121,1,F,28007
770308839,1,M,28007
1975392482,2,F,28007
1557448113,4,F,28007
1558803570,3,F,28007
918659260,3,F,28007
1487874353,4,M,28007
1297995542,4,F,28007
761606185,2,M,28007
1887473486,2,F,28007
1791559714,3,F,28007
133401060,1,F,28007
1986443469,2,M,28007
1715338428,2,M,28007
1791903269,3,F,28007
1349086787,3,M,28007
1440755608,1,M,28007
1722987449,3,M,28007
1396527012,3,F,28007
1382480007,4,F,28007
1992803690,2,F,28007
1943207086,5,F,28007
399777042,2,M,28007
1593769010,1,M,28007
257361511,4,M,28007
109634232,2,F,28007
1255643141,1,F,28007
1876642037,4,M,28007
60324613,3,M,28007
1792734476,1,F,28007
1644158733,3,M,28007
815186263,2,M,28007
2044070952,2,F,28007
2007043031,5,F,28007
1475317372,1,F,28007
1938976805,2,M,28007
199512926,4,M,28007
1354206365,2,M,28007
1507237884,2,F,28007
1006176917,2,M,28007
1418322275,1,M,28007
1394931354,4,M,28007
1855338494,4,M,28007
823379702,5,M,28007
2100466386,2,F,28007
251449240,3,F,28007
510046708,6,F,28007
1374336520,2,M,28007
1101722853,6,F,28007
906611945,2,M,28007
1979396384,2,F,28007
1098443227,1,M,28007
1439299369,3,M,28007
416655198,2,F,28007
1164613439,2,M,28007
17589297,4,F,28007
1660830591,1,F,28007
1132565589,4,F,28007
200511130,2,M,28007
129566217,4,M,28007
232517457,5,F,28007
602373594,2,F,28007
323996741,4,M,28007
1194320883,4,F,28007
692102449,2,F,28007
227356089,2,F,28007
284165615,3,F,28007
1798653291,5,M,28007
1855857061,4,F,28007
1574217480,1,F,28007
116386695,2,M,28007
1559339990,4,M,28007
1418055040,4,F,28007
1345265337,2,M,28007
507831273,6,M,28007
1948728559,5,F,28007
1174217921,3,M,28007
913662681,5,M,28007
1153569753,4,F,28007
868061193,3,F,28007
49864446,5,M,28007
978637475,2,F,28007
1014010834,1,M,28007
1470676414,2,F,28007
123623130,2,F,28007
23740594,3,M,28007
1816212551,1,F,28007
1268275182,1,M,28007
1360481565,5,F,28007
16891369,3,M,28007
980475207,4,F,28007
567616900,4,M,28007
3977999,3,M,28007
809674942,2,M,28007
1233238493,2,F,28007
1438489717,3,F,28007
1628225593,3,M,28007
409740988,5,M,28007
886146370,3,F,28007
708968659,2,M,28007
1964602402,4,M,28007
1896850232,2,F,28007
886658445,4,F,28007
1984017083,2,M,28007
1928637369,3,F,28007
179648560,4,F,28007
39890933,5,M,28007
307655955,2,F,28007
1545977603,6,M,28007
753013685,2,M,28007
1718279923,5,F,28007
717773873,2,M,28007
1156672988,5,M,28007
861930901,3,F,28007
722447556,2,F,28007
333185464,6,M,28007
59149030,3,F,28007
347987512,2,F,28007
1610742916,3,M,28007
299068475,5,F,28007
656031620,2,F,28007
218446443,2,M,28007
1791524453,2,F,28007
411390898,3,M,28007
1931900243,5,F,28007
1396720108,1,M,28007
1826105311,3,F,28007
1860775846,4,F,28007
489708690,6,F,28007
544997662,2,F,28007
433355159,4,F,28007
1629693561,4,M,28007
917831365,5,F,28007
2015444413,2,F,28007
1476101537,3,F,28007
291671443,2,M,28007
477542874,2,F,28007
2104185147,2,F,28007
1655680166,3,M,28007
830053540,3,F,28007
703281362,2,F,28007
1605642067,1,M,28007
117112395,3,F,28007
854479209,2,F,28007
439977323,1,M,28007
684153556,2,F,28007
1582197917,2,F,28007
1175850429,4,M,28007
1605127736,2,M,28007
144783459,3,M,28007
1136859577,3,M,28007
908342050,2,F,28007
805014659,3,M,28007
22162402,2,M,28007
896894357,3,M,28007
778323844,2,F,28007
951702775,2,M,28007
630871084,2,F,28007
1558209795,3,F,28007
1221114448,1,F,28007
1176114065,2,F,28007
1723688663,6,F,28007
959506480,1,F,28007
38227648,2,M,28007
1630887376,4,F,28007
997029022,3,F,28007
1653588482,2,F,28007
104392148,3,F,28007
1140073765,2,F,28007
1547689237,4,F,28007
694574500,6,M,28007
172707110,3,F,28007
496697462,4,M,28007
1948527523,5,M,28007
2084267589,3,F,28007
145208657,2,M,28007
1597977404,2,F,28007
1337948674,6,F,28007
417267123,2,F,28007
968819483,3,F,28007
1409858085,2,F,28007
1897566795,3,F,28007
1263461120,5,M,28007
1660594711,6,F,28007
1570165892,3,F,28007
2083017854,3,F,28007
465037281,4,F,28007
1501124312,4,M,28007
607062277,3,M,28007
1638710158,4,F,28007
655625028,6,F,28007
1143401925,1,F,28007
2068249421,5,M,28007
436675602,2,M,28007
615155713,6,F,28007
1705819997,1,M,28007
1900716037,4,M,28007
1084001812,2,M,28007
2083329818,2,F,28007
1137292670,5,F,28007
746604092,3,F,28007
1195893546,5,M,28007
1030975170,1,M,28007
2066612191,2,M,28007
1857873865,2,F,28007
1886620334,2,F,28007
1906259613,6,F,28007
25759288,1,M,28007
2100825064,2,F,28007
1871125244,,E,28007
879949041,3,F,28007
1187979419,2,F,28007
1078316853,2,F,28007
2012683959,2,F,28007
71938921,2,M,28007
1258725927,4,M,28007
1635345159,3,F,28007
871962456,2,F,28007
1410823375,2,M,28007
784613823,5,F,28007
777438443,5,F,28007
2075898645,2,F,28007
1074203200,1,M,28007
897883896,2,F,28007
1304621872,2,F,28007
819131219,4,M,28007
1060120913,1,M,28007
247656929,2,F,28007
1461183743,2,F,28007
894204131,1,M,28007
70991061,2,F,28007
251875213,2,M,28007
1981040988,4,M,28007
1214587699,3,F,28007
145901862,3,F,28007
1174735331,3,F,28007
957324981,4,M,28007
1786430014,1,F,28007
883419967,4,F,28007
1420354861,2,F,28007
135434041,4,F,28007
167330970,2,F,28007
1086957388,3,M,28007
512338137,3,M,28007
1377339988,2,M,28007
841956493,2,F,28007
1718591511,5,M,28007
1136761152,1,M,28007
872112161,2,M,28007
47809392,3,M,28007
99215049,4,M,28007
1477378413,3,M,28007
1321173882,2,F,28007
1901064095,2,F,28007
2001133685,2,M,28007
763681944,2,M,28007
1338932459,2,M,28007
627811000,6,F,28007
1952937534,4,F,28007
1873446390,2,M,28007
1790520611,3,F,28007
1023803355,4,M,28007
1791014902,4,F,28007
1320066686,2,F,28007
592766342,2,M,28007
1996918734,2,M,28007
1060270098,3,M,28007
1602759549,2,F,28007
1273692645,3,M,28007
1432312197,5,M,28007
1152092987,3,M,28007
287182059,4,M,28007
358037591,3,M,28007
1542345868,6,F,28007
844772824,4,F,28007
1354917220,2,M,28007
68881864,2,M,28007
1125717761,5,M,28007
92426600,3,M,28007
230488939,3,M,28007
1188590334,6,F,28007
1497367004,4,F,28007
860156566,2,M,28007
692285338,4,F,28007
135716487,4,F,28007
1203244235,3,F,28007
619451848,2,F,28007
1592390864,4,F,28007
899638721,2,F,28007
274747841,2,F,28007
559952121,4,F,28007
851156881,1,M,28007
363029037,3,M,28007
2106115023,5,M,28007
1267749701,2,F,28007
499129070,3,M,28007
1604376835,1,F,28007
1102156492,4,M,28007
43587827,1,M,28007
1010589026,4,F,28007
1807970113,4,F,28007
2061535111,4,M,28007
744126786,2,F,28007
571876967,4,M,28007
271457213,4,F,28007
302774270,2,F,28007
1326593353,3,M,28007
813472343,4,M,28007
1510402289,2,M,28007
1338020899,3,M,28007
1690923384,6,F,28007
1383337902,2,M,28007
1980881901,4,M,28007
128008012,5,F,28007
1554849332,5,F,28007
570913468,1,F,28007
1405664150,4,M,28007
230958403,2,M,28007
455036670,2,M,28007
1516302826,3,F,28007
668875156,3,F,28007
1591587046,3,M,28007
332239974,5,M,28007
1861455727,2,F,28007
896561469,3,M,28007
1840158336,2,F,28007
629170053,4,M,28007
310220915,3,M,28007
369115109,1,F,28007
546328029,3,M,28007
964635168,2,F,28007
1124718683,0,M,28007
1255231772,2,F,28007
2033310172,4,M,28007
1214964999,5,F,28007
1354768768,1,F,28007
817774765,1,M,28007
1441133487,1,M,28007
435637901,1,M,28007
1767734624,3,F,28007
1186894186,2,M,28007
1835412106,2,F,28007
1464489812,4,M,28007
309177915,3,M,28007
907877340,3,F,28007
267009229,3,F,28007
572671067,1,M,28007
1848884864,2,F,28007
354971512,6,F,28007
1557540123,4,F,28007
944367934,4,F,28007
761166755,3,F,28007
996326258,1,F,28007
109947606,3,F,28007
1338125837,3,F,28007
1434797923,3,M,28007
902837455,3,M,28007
774836418,4,F,28007
85142763,4,M,28007
1973818754,2,F,28007
88392294,5,M,28007
652001804,2,M,28007
260927654,4,F,28007
59713083,4,M,28007
1724556830,1,M,28007
638838388,2,F,28007
1316160034,4,M,28007
660690290,5,F,28007
1088768738,2,F,28007
1228152586,1,F,28007
588841669,2,F,28007
1784755412,3,F,28007
322802193,2,M,28007
1998442183,3,F,28007
1866572071,3,F,28007
2126657609,2,F,28007
38251321,4,F,28007
775363285,2,F,28007
1928005021,1,F,28007
1971105040,3,M,28007
628232611,2,M,28007
1679033854,2,F,28007
298468219,4,M,28007
1677624934,4,M,28007
1762043633,4,F,28007
185428348,2,F,28007
1214628974,2,F,28007
1899061870,3,F,28007
1246760376,3,M,28007
301483725,4,M,28007
835705223,3,F,28007
594793398,2,F,28007
621230638,4,M,28007
725705195,1,F,28007
1918088317,1,F,28007
17359646,3,F,28007
337165520,2,F,28007
1572595935,3,M,28007
532292379,3,M,28007
656851338,2,F,28007
1757210259,2,F,28007
238779431,3,F,28007
1159034982,3,M,28007
1240746302,6,M,28007
1818021493,2,F,28007
1192557067,1,F,28007
1954706477,3,F,28007
1156509589,2,F,28007
823847346,1,F,28007
1844695541,4,F,28007
1425719203,1,F,28007
2100602051,4,M,28007
82079505,2,M,28007
1556534733,3,F,28007
235542568,2,M,28007
356750222,2,M,28007
2018553540,4,F,28007
1723242462,5,M,28007
1549367339,4,F,28007
1508373758,3,M,28007
1966964007,3,F,28007
343512101,3,M,28007
278484907,2,M,28007
1720950881,6,F,28007
203163727,5,F,28007
2005070127,2,F,28007
585290792,4,M,28007
430171917,2,M,28007
667215072,3,F,28007
335592096,4,M,28007
1077245673,4,F,28007
638917294,2,M,28007
441400844,3,F,28007
1156808163,3,M,28007
1348847019,3,M,28007
1675884425,2,M,28007
579648989,3,F,28007
823141445,1,F,28007
1954938610,4,M,28007
722887134,2,M,28007
131200254,2,F,28007
1949469724,3,F,28007
1370556911,1,M,28007
1802714004,2,M,28007
702798720,2,M,28007
1249817283,2,M,28007
1254696728,2,M,28007
1240209240,1,F,28007
1787239285,1,F,28007
2064655298,4,F,28007
262282046,3,F,28007
864602023,5,M,28007
767740583,2,F,28007
1487982242,2,F,28007
2079384186,2,F,28007
1237476993,1,M,28007
1821681988,2,F,28007
324498528,5,F,28007
362654279,2,F,28007
143836998,5,F,28007
268823556,3,F,28007
389387421,6,F,28007
1456851744,2,M,28007
1798103026,4,F,28007
1335108214,3,M,28007
276409392,4,F,28007
764950264,4,F,28007
194301248,2,M,28007
862633345,4,F,28007
938819633,1,M,28007
1281345721,2,F,28007
1457086535,2,M,28007
1199849921,5,M,28007
480975116,2,M,28007
1959541246,3,F,28007
1338727022,2,F,28007
95356,1,M,28007
1960639712,2,F,28007
1799010144,2,F,28007
1358225719,2,F,28007
1630697663,4,F,28007
337291476,5,M,28007
1454826238,2,F,28007
2123693067,1,F,28007
855112247,5,M,28007
2001505633,5,F,28007
1174416804,4,F,28007
1433843082,4,F,28007
454240137,5,M,28007
380564257,3,F,28007
1095241409,1,M,28007
223315547,1,M,28007
684162308,5,F,28007
2005297705,3,M,28007
1642592478,2,M,28007
1943108967,6,F,28007
169255115,5,M,28007
1911232863,2,F,28007
282411136,1,M,28007
1295945354,2,F,28007
1949984685,2,F,28007
514238360,4,M,28007
1327124397,2,M,28007
1389923471,4,M,28007
732771224,4,F,28007
422403315,0,F,28007
605859862,5,F,28007
319933645,3,F,28007
799349963,3,M,28007
718589253,1,M,28007
1859195979,3,F,28007
1194290880,2,M,28007
1680347409,2,F,28007
1327677398,2,M,28007
1023694383,6,F,28007
168361707,4,F,28007
1545573016,2,F,28007
1846080029,1,M,28007
707360147,4,F,28007
1694039833,6,F,28007
954636025,3,M,28007
486996910,4,M,28007
1451561221,6,M,28007
537423962,3,F,28007
1082462651,3,F,28007
1272326382,1,M,28007
566598245,4,M,28007
142595093,1,F,28007
553434543,2,M,28007
161678291,3,F,28007
507179979,2,F,28007
1895615571,3,M,28007
1407087523,4,F,28007
1010865894,1,F,28007
855978131,3,F,28007
638119430,4,F,28007
609359335,2,F,28007
1732568163,4,F,28007
1205257074,1,F,28007
678697032,2,F,28007
1584479959,2,M,28007
257664421,4,M,28007
1929167055,4,M,28007
1850482225,4,M,28007
883803148,1,F,28007
1396978257,3,M,28007
1017941602,5,M,28007
533940472,3,M,28007
1151799720,5,M,28007
1423828273,2,M,28007
1367581052,4,M,28007
1089789227,2,F,28007
1050663079,4,M,28007
1100337763,2,F,28007
1312615175,4,F,28007
1173530601,2,M,28007
1477499235,3,F,28007
1215468370,2,M,28007
1896147467,2,F,28007
1911293580,5,M,28007
869807132,1,F,28007
1129265408,3,F,28007
1986701933,3,F,28007
632643861,2,F,28007
682814633,2,F,28007
1452504275,3,M,28007
1811749392,2,F,28007
2129964241,2,M,28007
1705346216,3,M,28007
1722275939,1,F,28007
1827713539,4,M,28007
1045214627,2,F,28007
2110878299,3,F,28007
1480367576,3,F,28007
1903013338,3,M,28007
321375878,5,F,28007
1060018471,4,F,28007
2137381129,1,M,28007
1736027541,3,F,28007
1289219178,4,M,28007
739732151,2,F,28007
1982277917,4,F,28007
615281750,3,F,28007
1307336396,2,F,28007
363006417,3,M,28007
656901929,4,M,28007
1329920992,5,M,28007
1163804561,5,F,28007
1602648292,4,F,28007
1411169363,2,F,28007
1381700589,4,M,28007
1495486273,5,M,28007
1253245889,3,M,28007
788057671,3,F,28007
1920498287,2,M,28007
521595859,2,F,28007
897612698,4,M,28007
1781238594,4,F,28007
279066833,2,F,28007
1083375349,3,F,28007
1736605496,4,M,28007
1744858817,6,M,28007
484067548,5,M,28007
1182825160,3,M,28007
1599273075,5,M,28007
1288983259,3,F,28007
846889180,5,M,28007
263489307,2,M,28007
2095975270,5,F,28007
1231572628,3,F,28007
1572610482,3,F,28007
928481238,2,M,28007
1499241933,3,F,28007
893276958,2,M,28007
440694138,2,F,28007
1036903280,4,F,28007
602498884,2,F,28007
345996643,2,M,28007
706685788,1,F,28007
1591008232,4,F,28007
1005806982,4,M,28007
146553626,4,F,28007
431496464,2,M,28007
150587559,2,F,28007
1429394820,3,M,28007
1472579779,2,M,28007
1163635747,4,M,28007
993027768,3,F,28007
614111561,1,M,28007
1187353931,5,F,28007
85388733,3,F,28007
1647495093,3,M,28007
1386324281,2,M,28007
58668191,3,F,28007
1915276731,3,M,28007
912671040,1,M,28007
776775180,2,F,28007
71120756,3,M,28007
985780492,2,F,28007
784046647,2,M,28007
1707421914,2,M,28007
1342849651,1,M,28007
1621026927,3,F,28007
402994775,1,M,28007
1861613802,6,M,28007
1009080922,3,F,28007
741739992,2,F,28007
2003246685,2,M,28007
759236361,5,M,28007
521213907,1,M,28007
1777502922,2,F,28007
245117318,3,F,28007
1114685649,3,M,28007
1754160937,4,F,28007
1622587363,5,M,28007
2007253908,2,M,28007
1683471006,3,F,28007
632538178,3,M,28007
1684213034,4,M,28007
1501156188,5,F,28007
1806963277,3,M,28007
972314568,3,F,28007
9169170,3,M,28007
1838494462,2,F,28007
1232356156,4,F,28007
126638730,3,F,28007
1965185304,5,F,28007
931370744,2,F,28007
1055164842,4,M,28007
831905583,3,M,28007
1078351181,2,F,28007
382789952,3,M,28007
1779394537,4,F,28007
403994735,3,F,28007
1040405455,6,F,28007
1734948367,3,M,28007
85075290,3,F,28007
974315171,3,M,28007
2027631548,2,F,28007
833126375,4,M,28007
764316727,5,F,28007
1122835446,2,F,28007
1837200499,4,M,28007
497246334,6,F,28007
1932334304,5,F,28007
560478089,3,F,28007
1130847219,4,M,28007
312053639,3,M,28007
299734038,5,F,28007
837113913,1,M,28007
1980127627,2,F,28007
1720679886,2,F,28007
535324444,2,M,28007
819978438,5,F,28007
395414939,2,F,28007
1289997724,4,F,28007
821630606,1,F,28007
489185823,4,F,28007
1156399058,5,M,28007
423454023,3,M,28007
1050807234,6,F,28007
793132240,4,F,28007
1540577903,2,F,28007
1714895875,2,M,28007
1317710133,3,M,28007
44197733,2,M,28007
2109595609,6,M,28007
497553923,1,F,28007
1224153830,4,F,28007
483912131,2,F,28007
1820624068,1,F,28007
1564636486,5,M,28007
1385354747,4,M,28007
2138532527,5,M,28007
784763814,5,F,28007
71746980,1,M,28007
354729496,4,M,28007
215334224,6,M,28007
893911190,3,M,28007
515668508,3,F,28007
801797246,2,F,28007
417225282,2,F,28007
1158875335,3,M,28007
1361248894,2,F,28007
1689772812,2,M,28007
2059060401,2,M,28007
1125132707,3,F,28007
428728055,1,F,28007
73760959,6,M,28007
1994736634,4,F,28007
1962882634,1,M,28007
1667161948,3,M,28007
915739806,4,M,28007
1259046770,4,F,28007
90150703,2,F,28007
1923131377,2,F,28007
1048694975,4,M,28007
1234470601,5,M,28007
353985741,2,M,28007
612230385,4,M,28007
343982358,6,M,28007
1226558289,4,M,28007
451189693,6,F,28007
450949430,5,F,28007
78631448,1,F,28007
1321889892,5,M,28007
2115344024,3,M,28007
1896828249,2,M,28007
121798652,3,F,28007
1990341771,4,F,28007
1744280753,2,M,28007
1991822900,3,F,28007
445134555,0,F,28007
578309168,4,M,28007
1739468858,2,F,28007
1822295676,3,M,28007
1084672760,2,F,28007
323226584,5,M,28007
1435653171,1,F,28007
952397244,4,M,28007
1069635670,4,F,28007
592765908,2,F,28007
1966686053,4,F,28007
820456300,3,M,28007
426715237,1,M,28007
1965115675,3,F,28007
1007572087,2,F,28007
1586862598,3,M,28007
885237696,3,M,28007
1670779713,2,M,28007
1156745710,1,M,28007
387520458,1,M,28007
2144330803,2,M,28007
1004109477,5,F,28007
1022713215,2,F,28007
382004679,3,M,28007
810336569,4,F,28007
1714385979,3,M,28007
644590864,1,M,28007
751786199,6,M,28007
1325422547,2,F,28007
1408489165,2,M,28007
16723337,4,M,28007
965421722,1,F,28007
53497422,3,M,28007
835284421,2,F,28007
1285086629,6,F,28007
1149179033,5,M,28007
211657450,1,F,28007
200882642,3,M,28007
866263389,3,M,28007
93241312,4,M,28007
1204780618,4,M,28007
1214929092,3,M,28007
1057813963,2,F,28007
1523854098,4,M,28007
435572486,1,F,28007
2132932756,3,M,28007
1308910127,5,M,28007
1258454385,5,M,28007
459595150,3,M,28007
957771834,4,M,28007
1598533502,3,F,28007
1867566140,4,F,28007
1668825144,6,F,28007
1772071898,5,F,28007
617323407,3,F,28007
2112350124,1,F,28007
642158646,6,F,28007
1981764666,4,F,28007
826734487,4,F,28007
2073207955,3,M,28007
74966273,2,F,28007
381528901,5,M,28007
1242643189,3,F,28007
2029229218,3,F,28007
1580712621,4,M,28007
802590979,6,F,28007
423250256,4,F,28007
1844993068,2,M,28007
6433096,2,M,28007
908718101,3,F,28007
226102422,4,F,28007
706956926,2,F,28007
841817769,3,F,28007
1018979501,3,M,28007
52277164,3,F,28007
2014915363,2,M,28007
1703319891,5,F,28007
1567160901,2,F,28007
30374753,6,F,28007
1208123566,6,M,28007
1808385426,2,M,28007
564489242,1,M,28007
1847494890,3,M,28007
706599076,2,M,28007
1242334684,2,M,28007
1191069340,4,F,28007
617723960,4,F,28007
2109575612,5,M,28007
571527976,4,F,28007
722922832,2,F,28007
285513182,5,M,28007
1631162170,4,F,28007
1147125608,2,M,28007
1456029725,3,M,28007
1202775726,3,F,28007
381007057,1,F,28007
1628244008,2,M,28007
1755124222,2,M,28007
379301962,3,F,28007
789852022,2,F,28007
1952580233,4,F,28007
23992005,3,M,28007
2008428493,2,F,28007
2104407126,2,F,28007
1242686524,2,M,28007
11116138,2,F,28007
1237272991,2,F,28007
1018653381,2,F,28007
1791347994,3,M,28007
1793075309,5,M,28007
1564253251,2,F,28007
513710252,6,M,28007
1259389151,3,F,28007
1622016247,4,F,28007
914250073,2,M,28007
1414374774,5,M,28007
288727438,2,F,28007
176878772,2,F,28007
324262354,4,F,28007
1825783439,3,F,28007
1290093162,2,F,28007
1656946498,2,F,28007
1741037105,1,F,28007
486662508,2,F,28007
1251749294,3,F,28007
1924305208,0,M,28007
1913044357,5,F,28007
1978080967,2,M,28007
1216919532,4,M,28007
306839491,2,M,28007
312072263,4,F,28007
186516178,3,F,28007
1642374729,5,F,28007
840054516,2,F,28007
21670075,2,F,28007
1153792315,1,F,28007
1385115265,2,F,28007
1355357191,3,F,28007
1461258616,2,F,28007
597122637,4,M,28007
1401244511,3,M,28007
1809945143,3,F,28007
2049382420,3,M,28007
1646244537,4,M,28007
1140809068,3,F,28007
1333537680,3,F,28007
183456137,1,M,28007
5748649,4,F,28007
1947369699,5,F,28007
301739259,2,M,28007
149511515,5,F,28007
625569664,4,F,28007
1631930247,3,M,28007
133764711,2,F,28007
1555517201,6,F,28007
1897708405,4,M,28007
1492110515,2,F,28007
2130327838,2,M,28007
1333401746,3,F,28007
1360265061,2,F,28007
181413412,4,F,28007
1654186046,1,M,28007
630302845,3,F,28007
1178726445,3,F,28007
937166633,3,F,28007
608407663,3,F,28007
1417312384,2,M,28007
1171394321,4,M,28007
2095938989,4,F,28007
255059556,3,M,28007
999393223,1,F,28007
448362974,1,M,28007
1905396523,4,F,28007
1104967901,4,F,28007
1149495561,5,F,28007
529952024,2,M,28007
630392370,3,F,28007
711451919,6,F,28007
1535419154,2,F,28007
2128263275,2,M,28007
1427539236,2,F,28007
1806422891,2,M,28007
1959396051,6,M,28007
2117938225,4,M,28007
373733261,4,F,28007
1014847580,4,M,28007
739658140,2,M,28007
98687952,6,F,28007
500712433,2,F,28007
61142824,3,M,28007
412473162,1,M,28007
210318225,4,F,28007
1010936270,3,M,28007
1079965849,2,M,28007
900337975,2,M,28007
2022102158,6,F,28007
263788122,3,F,28007
399389739,4,F,28007
1516949785,3,M,28007
1551083784,2,M,28007
1741401017,4,M,28007
2123823248,4,F,28007
1713690936,3,F,28007
115986226,2,F,28007
2066736149,6,M,28007
473451132,2,F,28007
463841109,2,M,28007
447056233,1,F,28007
1503009287,2,M,28007
652364872,3,F,28007
900612785,3,M,28007
725094717,3,F,28007
1453917071,5,F,28007
115540448,5,F,28007
2044438336,2,M,28007
1799589925,5,M,28007
1986046665,2,F,28007
1927346472,1,M,28007
130979586,2,F,28007
1639665156,3,M,28007
1699102063,4,M,28007
360122873,2,F,28007
1362863442,2,F,28007
374053775,3,M,28007
928090253,3,M,28007
1577880868,2,F,28007
1708261114,4,F,28007
899895612,4,M,28007
1607644979,2,F,28007
1679430600,4,M,28007
227554892,1,F,28007
644663928,2,M,28007
1057259459,3,F,28007
21207783,3,F,28007
289653430,1,F,28007
128812892,2,F,28007
2094120486,2,M,28007
647931416,3,F,28007
278409847,4,F,28007
576545848,6,M,28007
908162687,6,F,28007
1702053445,4,F,28007
2136422351,2,F,28007
1151600429,2,M,28007
382331420,4,F,28007
599675908,2,M,28007
809005315,2,F,28007
662015024,3,M,28007
1993791093,5,M,28007
2005093875,5,F,28007
176392439,2,M,28007
132520837,2,F,28007
2130894809,2,F,28007
442850319,1,M,28007
2128712024,2,M,28007
1013313546,2,F,28007
1788210321,2,F,28007
1282333137,2,F,28007
810002129,2,F,28007
1334695551,2,F,28007
282166299,4,F,28007
322786133,1,M,28007
2088631865,3,F,28007
350348759,2,F,28007
515794745,6,M,28007
1667002698,3,M,28007
1543555122,2,F,28007
1069648311,2,M,28007
1780201239,1,M,28007
56852547,3,F,28007
660232446,4,F,28007
1609425799,1,F,28007
1299745394,2,M,28007
1928842916,2,M,28007
576358551,6,M,28007
1839662768,3,F,28007
366397964,2,F,28007
1548873226,1,M,28007
1906711479,4,F,28007
509860014,6,F,28007
368299362,2,F,28007
1869939691,4,F,28007
1043677034,2,M,28007
1033736586,4,F,28007
450299456,2,F,28007
1389188684,5,M,28007
1311947724,2,M,28007
1334045764,3,F,28007
264950364,2,M,28007
380082625,4,F,28007
1253760419,2,F,28007
911582672,3,M,28007
1427325535,1,F,28007
1423519115,1,M,28007
2029865097,4,M,28007
438204842,2,F,28007
1179833140,5,M,28007
696720817,5,F,28007
150891114,2,F,28007
1389003663,3,F,28007
979437396,5,F,28007
1131883667,4,F,28007
1350409226,5,M,28007
528985379,3,F,28007
936435497,4,M,28007
653084813,2,M,28007
1509106340,4,F,28007
1499701993,3,M,28007
1133298590,3,M,28007
346030769,5,F,28007
673994225,2,M,28007
275926123,2,M,28007
1012876398,3,M,28007
901739086,2,M,28007
274387846,3,F,28007
597262762,3,F,28007
1860405125,1,F,28007
1229674572,2,M,28007
2114634161,3,F,28007
168710517,4,F,28007
1067668919,2,F,28007
546386486,3,F,28007
1575599226,4,F,28007
1871220408,2,M,28007
617179674,6,F,28007
247537602,4,M,28007
1497135910,2,M,28007
1349321790,3,F,28007
1902378891,5,F,28007
409317605,4,F,28007
1309403692,3,F,28007
405614551,5,F,28007
187473376,2,F,28007
781096653,4,F,28007
2055156879,3,F,28007
1051985937,2,F,28007
1933075111,2,F,28007
1728997564,5,F,28007
1846274338,3,M,28007
2046826424,2,F,28007
1483054025,1,F,28007
904725981,1,F,28007
1637529334,2,M,28007
637279747,4,F,28007
1472480119,2,F,28007
389212629,2,F,28007
994449484,4,M,28007
1135201785,4,M,28007
98014803,2,F,28007
704456922,2,M,28007
655866157,5,M,28007
285580881,2,M,28007
880299982,3,M,28007
604378279,5,F,28007
1884908595,2,F,28007
189483600,2,M,28007
10105795,4,M,28007
926672832,2,M,28007
809339851,3,F,28007
1440340988,5,F,28007
1398865038,3,F,28007
748216113,4,F,28007
1607323693,3,F,28007
736721523,3,M,28007
790600178,6,M,28007
2041168843,2,M,28007
1565570610,3,F,28007
144835944,4,F,28007
374616385,1,F,28007
758849918,2,F,28007
1292140369,4,F,28007
1456179400,5,F,28007
1100289413,3,M,28007
1196808546,2,F,28007
545102882,4,F,28007
892313955,3,M,28007
495473039,4,F,28007
252625411,4,F,28007
851417480,2,F,28007
846596637,2,M,28007
1101433185,2,F,28007
1370669821,2,M,28007
1043944424,2,M,28007
1840859519,3,F,28007
2009344338,2,F,28007
132320296,2,M,28007
1767839998,2,F,28007
1580559195,2,M,28007
295094185,2,M,28007
1892148523,2,F,28007
586511331,5,F,28007
1978250683,3,F,28007
59263760,4,F,28007
1043282651,2,F,28007
1483927110,3,F,28007
1433092877,3,F,28007
586830923,4,M,28007
1543824543,4,M,28007
1075787773,3,M,28007
628112283,3,M,28007
874655320,2,M,28007
1931570160,3,F,28007
1440811710,5,M,28007
1612487865,3,M,28007
20239039,2,F,28007
1248026439,4,M,28007
2128227866,5,F,28007
1376256048,3,M,28007
46027917,5,F,28007
1889984788,4,F,28007
371877246,4,F,28007
1765886577,4,F,28007
2056015074,3,M,28007
1463141739,3,M,28007
792820521,1,M,28007
1166337448,3,F,28007
1515184734,1,F,28007
1263267362,5,F,28007
1279785305,2,F,28007
665247956,4,M,28007
1656381290,1,F,28007
52299933,3,M,28007
1321650743,3,M,28007
1474428806,3,F,28007
538394574,2,M,28007
1545341907,4,F,28007
1046896257,4,M,28007
480669012,5,F,28007
2037338028,2,M,28007
547610089,4,F,28007
226946948,3,M,28007
1642222517,4,F,28007
2027325203,5,F,28007
1474149613,2,M,28007
1794686407,2,F,28007
1049957303,4,F,28007
1139944236,2,F,28007
599960999,3,F,28007
1734862058,4,M,28007
199664659,2,M,28007
1020355960,2,F,28007
1491288577,1,M,28007
256152889,3,M,28007
86466018,2,M,28007
1097812196,6,M,28007
1728122351,3,F,28007
849342403,3,F,28007
1908932714,2,F,28007
1080032135,6,F,28007
154987119,3,M,28007
1514271157,2,M,28007
852586467,4,M,28007
195373250,3,M,28007
143498560,4,M,28007
140804810,2,M,28007
288613043,2,F,28007
1166075201,2,F,28007
2093963973,2,M,28007
1177478758,2,F,28007
739589782,2,F,28007
350034124,1,F,28007
645539039,2,M,28007
56859969,6,F,28007
810134226,2,M,28007
332190038,3,M,28007
1966364075,2,F,28007
1480064437,2,F,28007
1747513604,6,M,28007
279936687,3,F,28007
1551572984,3,M,28007
159675329,1,F,28007
1595099029,2,F,28007
896659218,4,F,28007
1088853847,2,F,28007
777863522,5,F,28007
1490935984,4,F,28007
1213984358,2,F,28007
790593937,3,F,28007
1374422827,5,M,28007
623466885,3,F,28007
1750881279,4,F,28007
1771706228,4,F,28007
1644291222,2,F,28007
338456981,3,M,28007
615816786,2,F,28007
1196579721,2,F,28007
1134333439,3,M,28007
757234945,3,F,28007
645521146,3,M,28007
1850870588,2,M,28007
1686035763,3,F,28007
892586401,4,M,28007
484986935,2,F,28007
822948524,3,F,28007
954359387,4,M,28007
1096642744,5,M,28007
1914582232,2,M,28007
1746579125,2,F,28007
999723254,2,M,28007
306641104,3,F,28007
475624028,2,M,28007
438541016,1,M,28007
540538956,3,F,28007
2143703121,5,F,28007
1233811793,3,M,28007
1149893807,1,F,28007
1761250553,3,M,28007
1992185297,3,F,28007
1238891395,4,M,28007
2031701237,4,M,28007
1304286493,1,M,28007
836959718,3,M,28007
1100361227,4,F,28007
1573211398,3,F,28007
1930072075,3,M,28007
792765429,5,M,28007
1033848759,4,M,28007
2033826237,4,M,28007
662836745,3,M,28007
1454930581,0,M,28007
1374011975,2,M,28007
839245179,2,F,28007
1249070059,2,M,28007
1400578246,4,M,28007
1648492699,5,F,28007
940143351,4,M,28007
2004941826,2,F,28007
1339724832,6,M,28007
2007848056,1,M,28007
463539622,2,M,28007
951578955,2,M,28007
1546278193,2,F,28007
1118984324,3,F,28007
1284327050,2,M,28007
106931168,3,F,28007
1275053057,1,F,28007
1690594556,4,F,28007
882083718,3,M,28007
877486986,0,F,28007
1453275851,3,F,28007
649077628,3,F,28007
2033860682,3,F,28007
430880678,2,M,28007
2095181585,4,M,28007
968150727,2,F,28007
1855266571,2,M,28007
929919235,1,M,28007
447373253,4,M,28007
1020019215,4,F,28007
961154945,3,M,28007
1606614105,4,M,28007
1849046345,4,F,28007
961738915,2,M,28007
1350963410,5,F,28007
353418507,4,M,28007
608244416,1,F,28007
876777476,1,F,28007
1944878458,6,F,28007
1828122,6,M,28007
59433821,4,M,28007
2085186254,1,F,28007
1886871597,4,F,28007
1620825260,3,F,28007
190521845,3,M,28007
970538683,2,M,28007
138445718,3,M,28007
1956908177,2,M,28007
1995039136,2,M,28007
1642125108,3,M,28007
55178455,3,M,28007
1120165888,2,M,28007
1768220463,4,M,28007
1657671280,3,F,28007
967790734,4,F,28007
1237709469,1,F,28007
2113737065,2,F,28007
752612398,1,F,28007
1818893825,3,M,28007
421432072,2,F,28007
2025967620,3,F,28007
111678629,4,M,28007
1827331929,3,F,28007
1214826221,6,M,28007
384136428,1,M,28007
1590275312,2,M,28007
1520919939,4,M,28007
1853365964,4,M,28007
1202857292,3,F,28007
1453715655,1,F,28007
2042324703,2,M,28007
1877622224,2,M,28007
1235359960,1,F,28007
536412201,2,M,28007
721654925,2,M,28007
346428597,3,M,28007
1539474222,2,F,28007
1872803698,3,F,28007
1577983313,4,M,28007
430016376,3,F,28007
120279480,3,F,28007
1533000663,4,F,28007
1651213581,3,F,28007
1649412954,4,M,28007
2051369004,2,F,28007
1701939629,5,F,28007
939437404,2,F,28007
1836308269,1,M,28007
1375512856,5,M,28007
136606306,4,M,28007
900235765,2,F,28007
2002713196,2,M,28007
2126563017,3,F,28007
1271484467,6,F,28007
1605182199,3,F,28007
819388154,6,M,28007
187965576,1,M,28007
642324097,2,M,28007
573965612,4,F,28007
1543709139,5,M,28007
297432139,2,F,28007
65424442,3,F,28007
1486069778,4,F,28007
363287468,2,F,28007
140648396,3,F,28007
1780497356,3,F,28007
755615643,3,F,28007
102256008,3,M,28007
1663162700,2,M,28007
1134533551,4,M,28007
1561544871,1,M,28007
1148772789,4,M,28007
610735261,2,F,28007
313157633,2,M,28007
995746715,3,F,28007
677660361,5,M,28007
419754917,2,F,28007
1100570635,4,F,28007
512928735,2,F,28007
1098012335,3,M,28007
2130871815,4,M,28007
1229114783,3,F,28007
878904462,2,F,28007
908646797,3,M,28007
859741683,5,F,28007
1658450442,4,F,28007
48179336,1,F,28007
1207935724,4,M,28007
1463356115,4,F,28007
1797237747,3,M,28007
259158925,5,F,28007
119274188,2,F,28007
841747618,3,M,28007
1216867117,4,F,28007
1537903478,4,M,28007
1897792872,3,F,28007
553121592,3,F,28007
285306155,2,M,28007
208151769,1,M,28007
189036899,0,F,28007
677202538,2,F,28007
616715154,2,F,28007
1995719338,6,M,28007
465897830,4,M,28007
1454671890,5,F,28007
880450043,5,F,28007
508633218,6,M,28007
1353625448,2,M,28007
1898673978,5,M,28007
2105324799,4,M,28007
1747786179,4,F,28007
844005460,3,M,28007
546927133,3,M,28007
1337135199,2,M,28007
509546455,2,M,28007
1460082550,6,F,28007
586110529,3,F,28007
5377162,4,F,28007
1214279601,1,F,28007
1256072323,2,M,28007
2117244434,3,F,28007
1008918174,3,F,28007
79727066,3,M,28007
746599731,2,F,28007
898690183,5,F,28007
1679796651,4,M,28007
727502065,2,M,28007
1142118359,3,F,28007
1299279378,4,F,28007
27106217,2,M,28007
1947400039,2,M,28007
864134074,4,F,28007
2020967123,3,M,28007
1165343027,4,M,28007
1208164294,,E,28007
2100371435,2,F,28007
1579865062,1,F,28007
587216359,5,F,28007
1541237057,2,F,28007
150523972,6,M,28007
1496962993,5,F,28007
323852731,2,F,28007
156263401,4,F,28007
167378624,3,M,28007
95082443,2,M,28007
443009341,2,F,28007
606518659,2,F,28007
1549322511,4,M,28007
1751458006,3,F,28007
389281305,1,F,28007
407936671,2,F,28007
511635087,5,M,28007
1351087312,2,F,28007
358247377,4,M,28007
742393642,6,M,28007
723652619,2,F,28007
1232725180,3,F,28007
929298953,4,M,28007
1204610604,2,F,28007
969824969,4,F,28007
976232384,3,M,28007
461219673,2,F,28007
1743702978,3,F,28007
730142143,4,F,28007
54550671,4,F,28007
1547003161,2,F,28007
760368405,3,M,28007
1038277619,6,M,28007
73726310,1,F,28007
1803182614,2,M,28007
864252220,3,F,28007
968861433,4,F,28007
87697988,6,F,28007
832611882,3,M,28007
892943299,3,F,28007
1771632349,4,M,28007
1715900756,2,M,28007
971766834,2,F,28007
1832119955,4,F,28007
2060410910,2,F,28007
332628188,1,F,28007
1045324088,2,F,28007
927830595,6,F,28007
64314422,3,M,28007
2136008441,6,M,28007
1269288419,3,M,28007
238162071,2,F,28007
502238060,2,F,28007
1807452084,3,F,28007
1461183154,5,F,28007
644541754,5,F,28007
405168301,2,F,28007
402571153,4,M,28007
912222039,5,F,28007
1127607634,3,M,28007
604267980,3,F,28007
1073865173,4,F,28007
1132392725,2,F,28007
1334227305,1,F,28007
234264885,3,F,28007
1316936887,4,M,28007
1360806205,4,F,28007
1994178184,4,M,28007
34441666,5,M,28007
2014729870,2,F,28007
243130666,4,F,28007
1338572942,2,F,28007
848738212,4,M,28007
2070292195,2,F,28007
1487582791,3,M,28007
1732609230,3,F,28007
1686098746,0,M,28007
965801920,3,F,28007
424790668,2,F,28007
1108787528,5,M,28007
2011875751,4,M,28007
85192293,2,M,28007
1887082660,2,M,28007
1305161735,6,M,28007
676156739,2,F,28007
714086473,3,F,28007
923543549,4,F,28007
2080100346,2,F,28007
359221218,3,M,28007
1116417172,2,M,28007
2055489140,5,M,28007
113294083,4,F,28007
1911908507,2,M,28007
1434012857,5,F,28007
1887326984,2,F,28007
1239154010,4,F,28007
2117326082,4,M,28007
1440474435,2,M,28007
1509603467,1,M,28007
428024823,3,M,28007
1283110336,1,M,28007
909582983,3,M,28007
1233405214,5,F,28007
422003518,5,F,28007
1372042334,1,F,28007
644344959,5,M,28007
1236533874,2,M,28007
700553509,2,M,28007
916694479,4,F,28007
1538971214,2,F,28007
1790426542,3,M,28007
512783217,2,M,28007
1204835011,1,M,28007
1158752013,2,F,28007
1640437529,3,M,28007
868607067,1,F,28007
1271627744,4,F,28007
1533664211,2,F,28007
811312110,3,F,28007
773517519,5,M,28007
2087230127,2,F,28007
103995111,3,M,28007
546697817,5,F,28007
918933783,4,F,28007
1828909550,4,M,28007
1117259261,3,F,28007
595459074,5,M,28007
1107580024,4,F,28007
824256643,3,F,28007
1001065306,1,M,28007
895561340,2,F,28007
976805632,3,M,28007
303533554,2,M,28007
946935568,4,F,28007
1242770016,4,M,28007
1028995887,2,F,28007
1134229140,3,M,28007
111217068,1,F,28007
1013199152,4,M,28007
44151986,1,F,28007
648467088,2,M,28007
1180936672,2,F,28007
1983968298,4,M,28007
624012210,3,F,28007
1351458855,3,F,28007
964866248,4,M,28007
967956630,3,M,28007
762614808,1,M,28007
1082301057,3,F,28007
469822988,2,F,28007
1002658784,3,M,28007
11668910,2,F,28007
1359092613,4,F,28007
1068772542,1,M,28007
1020192133,3,M,28007
1610565169,4,M,28007
2087229084,2,F,28007
221508235,2,F,28007
730733765,3,F,28007
2070990530,3,M,28007
1977780197,1,F,28007
1878030169,5,M,28007
1035154937,6,M,28007
1688560702,2,F,28007
944711585,1,M,28007
201406562,3,M,28007
1113166893,5,F,28007
1815102713,4,F,28007
1575367607,3,F,28007
639699427,3,M,28007
1624198560,3,F,28007
576597517,3,F,28007
729632719,3,F,28007
1670516684,4,F,28007
445178285,3,M,28007
1152835627,,E,28007
1158029630,4,M,28007
2094361013,,E,28007
1112424232,3,F,28007
522845009,5,F,28007
1394467199,3,M,28007
2078688167,3,F,28007
1945950459,4,M,28007
2084566155,2,F,28007
1949440316,2,M,28007
813786166,4,F,28007
664109131,2,F,28007
279399121,3,F,28007
660475396,5,M,28007
1760524265,2,F,28007
1971736578,5,F,28007
1177926954,2,M,28007
1108226372,2,M,28007
1239127666,5,F,28007
827350474,4,F,28007
587299231,2,F,28007
1560904250,5,F,28007
1122303126,4,F,28007
375459759,2,F,28007
2032185280,3,F,28007
1655514881,2,M,28007
769941724,5,F,28007
1082769360,4,M,28007
1170049298,5,F,28007
1033416330,3,M,28007
2065544312,2,F,28007
1066003783,3,F,28007
941369654,2,M,28007
408598280,4,F,28007
903333805,3,F,28007
396866523,3,F,28007
1706918687,2,M,28007
1883962820,3,F,28007
1237248073,3,F,28007
169775918,5,F,28007
728432657,2,F,28007
1505370540,3,F,28007
1592279480,2,M,28007
1345586046,1,M,28007
1297329735,2,F,28007
1326829513,5,M,28007
1711371239,2,F,28007
783259685,3,M,28007
1960578141,3,F,28007
1530773220,5,F,28007
1927849279,2,F,28007
1021896897,4,M,28007
589097761,3,M,28007
619464090,5,M,28007
339075311,3,F,28007
1143297842,2,M,28007
940412764,2,M,28007
1715139,4,M,28007
1975322645,3,F,28007
529135239,3,M,28007
688652575,2,M,28007
342292849,4,F,28007
1497615115,2,M,28007
612581943,3,F,28007
909053762,6,M,28007
642583859,4,F,28007
241463462,6,M,28007
96868586,3,M,28007
144168365,4,M,28007
1778512686,1,M,28007
1710387865,6,M,28007
1228110352,1,M,28007
611182051,2,F,28007
707769587,3,F,28007
2033917877,3,M,28007
751887992,3,F,28007
2145337724,3,F,28007
1700550154,6,M,28007
417650106,3,M,28007
1813823560,3,F,28007
1726895756,5,M,28007
910454738,4,F,28007
1501096176,5,F,28007
283266984,4,M,28007
233539413,2,F,28007
1575272013,3,F,28007
365096731,3,M,28007
1478081031,4,F,28007
1984083185,3,F,28007
341292164,3,F,28007
710270523,5,F,28007
529033504,2,M,28007
743934970,2,F,28007
54706398,2,F,28007
1000148617,5,M,28007
1400128034,1,M,28007
383709704,4,F,28007
1890075917,2,M,28007
1233360048,2,M,28007
1990714179,3,M,28007
963460752,3,M,28007
1721990514,5,M,28007
1890191192,1,M,28007
1648145906,2,F,28007
989321907,4,M,28007
806399525,2,F,28007
843083567,4,M,28007
1148635270,3,F,28007
131423135,4,M,28007
231476583,1,M,28007
1491518488,5,F,28007
2048667042,4,F,28007
678324895,3,F,28007
1304555023,2,F,28007
228319796,2,F,28007
823680818,3,M,28007
1045850211,3,M,28007
1671770086,2,M,28007
607766298,1,F,28007
595076943,1,F,28007
1808415473,3,F,28007
264736518,4,F,28007
1511894714,3,M,28007
1648543319,3,F,28007
1480640363,2,M,28007
277079859,3,M,28007
563214866,6,F,28007
1019678929,4,F,28007
1890779401,5,F,28007
137688853,4,M,28007
1341159565,2,F,28007
877773949,3,M,28007
2140112247,2,M,28007
879260717,2,M,28007
828968085,1,F,28007
1267410030,2,M,28007
1617547021,3,M,28007
313266037,2,M,28007
1056640661,2,F,28007
1523732855,2,F,28007
342410301,3,F,28007
1564693206,4,F,28007
477892356,4,M,28007
895105444,3,F,28007
611520731,4,F,28007
1423633034,2,M,28007
1058213633,2,M,28007
1403935304,3,M,28007
995235283,3,F,28007
1914083426,2,M,28007
1469520420,3,F,28007
510795907,5,F,28007
1511148959,4,F,28007
206106585,2,M,28007
369566106,4,M,28007
1038329920,1,F,28007
1467731939,3,M,28007
1133386558,2,M,28007
1609197353,1,F,28007
751491447,0,F,28007
1881495517,1,M,28007
985141335,5,F,28007
738091100,2,F,28007
811638781,2,F,28007
28065321,2,M,28007
1758950662,4,F,28007
599638364,4,F,28007
15485686,6,F,28007
2012722039,1,F,28007
1193582671,3,F,28007
1837321151,0,M,28007
1293338653,4,F,28007
1073067421,4,F,28007
1689346810,4,M,28007
1215440829,,E,28007
559852072,5,M,28007
350626061,3,F,28007
1651034737,3,M,28007
2013867948,3,M,28007
1619197936,3,M,28007
2052617893,5,F,28007
1159279360,2,F,28007
699081415,3,F,28007
825610448,3,F,28007
2112751068,5,F,28007
1526367312,3,F,28007
1819552999,3,M,28007
1289834917,2,F,28007
1284214182,1,F,28007
693907036,3,M,28007
746711867,4,M,28007
1705927875,3,M,28007
691839786,3,M,28007
1215446912,2,F,28007
1629621972,4,M,28007
425397379,2,F,28007
835291219,2,M,28007
447736219,4,M,28007
601255458,2,M,28007
1791750813,3,F,28007
570277915,2,F,28007
1432191075,0,F,28007
1192754222,3,F,28007
531109799,5,F,28007
2008400862,3,M,28007
1331123896,2,M,28007
1004532392,5,M,28007
2017390387,1,F,28007
591563666,4,M,28007
226835436,4,F,28007
1716617782,2,M,28007
843458267,1,F,28007
376073938,2,M,28007
1147973334,2,F,28007
1455309687,4,F,28007
758426828,2,M,28007
1318366224,3,F,28007
197543842,4,M,28007
1404665203,1,F,28007
1562081159,2,F,28007
1290724680,4,M,28007
339926892,6,F,28007
153962249,3,F,28007
1555447628,2,F,28007
1196611038,5,M,28007
1392676510,2,M,28007
367052603,2,F,28007
881776576,2,M,28007
478503155,2,M,28007
1225568299,2,F,28007
1190687128,5,M,28007
516824110,5,M,28007
1775239769,4,M,28007
371517012,2,M,28007
2076671849,4,F,28007
217572786,3,M,28007
1468001998,3,F,28007
762865358,3,F,28007
20027851,1,F,28007
1239184141,2,F,28007
964123988,2,F,28007
650117238,3,M,28007
2095815783,2,F,28007
1014783484,1,F,28007
849065220,4,F,28007
1809646275,3,F,28007
